window,frame,budget,slots,scenario,contrast,estimate,ci_low,ci_high,ci90_low,ci90_high,within_five,ci95_half_width,passes_original_precision_gate
two_year,without_2020,1,71,observed_only,mean minus lottery,10.68919187357249,2.72793552372397,15.979201708321291,3.516132640395829,14.592665078730398,False,6.625633092298661,False
two_year,without_2020,1,71,observed_only,max minus lottery,9.22855301530194,2.0738961826251505,16.293102406680422,2.970094393781335,15.35359488093753,False,7.109603112027636,False
two_year,without_2020,1,71,observed_only,variance minus lottery,0.708350769429785,-6.284005634396644,8.901521218653123,-5.169146178199481,7.750624145929988,False,7.592763426524884,False
two_year,without_2020,1,71,observed_only,D2 minus lottery,3.7657302162536936,-6.615479306309596,10.349787070306888,-5.211075681514852,9.079063345400721,False,8.482633188308242,False
two_year,without_2020,1,71,observed_only,max_resid minus lottery,-0.35348414949107365,-7.459887402737535,9.327830383025663,-5.94739083245207,7.96405298357745,False,8.3938588928816,False
two_year,without_2020,1,71,observed_only,mean minus D2,6.923461657318796,-3.504669149141256,18.03304288588483,-1.8854304654412062,16.03469490700971,False,10.768856017513043,False
two_year,without_2020,1,71,observed_only,variance minus D2,-3.0573794468239086,-9.857450352539725,8.780139468136664,-8.187383936402618,7.26041107271456,False,9.318794910338195,False
two_year,without_2020,1,71,missing_percentile_0,mean minus lottery,12.714015760012852,3.501204843224031,18.286947602434577,4.900786731014157,16.831293667479517,False,7.392871379605273,False
two_year,without_2020,1,71,missing_percentile_0,max minus lottery,7.90939470200632,1.4635554679965632,16.062210437818706,2.468148061015375,14.681423489545192,False,7.299327484911071,False
two_year,without_2020,1,71,missing_percentile_0,variance minus lottery,3.6207816056132422,-3.470354747714589,11.392028486429922,-2.254892097777271,10.354946369581258,False,7.431191617072256,False
two_year,without_2020,1,71,missing_percentile_0,D2 minus lottery,-1.8967564509456558,-9.85734699768074,5.155953547690989,-9.030834478529483,3.3906776523102495,False,7.506650272685864,False
two_year,without_2020,1,71,missing_percentile_0,max_resid minus lottery,-2.5468088935156743,-8.519685611410898,6.211777543508392,-7.352689614298452,5.1213416973423636,False,7.365731577459645,False
two_year,without_2020,1,71,missing_percentile_0,mean minus D2,14.610772210958508,3.308925808535907,23.509097374519783,5.089216605533968,21.786136025569824,False,10.100085782991938,False
two_year,without_2020,1,71,missing_percentile_0,variance minus D2,5.517538056558898,-1.8371305555274045,15.248938260670696,-0.5539601666907804,13.997726104281547,False,8.54303440809905,False
two_year,without_2020,1,71,missing_pool_mean,mean minus lottery,8.210210080803428,1.976651350399806,12.163298380657563,2.488857829278671,11.228583864623149,False,5.093323515128879,False
two_year,without_2020,1,71,missing_pool_mean,max minus lottery,6.421003032516033,1.2907623979752019,11.969327886242061,1.9442775518090158,10.948368865269622,False,5.339282744133429,False
two_year,without_2020,1,71,missing_pool_mean,variance minus lottery,0.2827645740398097,-4.896344218135817,6.527880247054584,-4.109457502438753,5.608169831774774,False,5.7121122325952,False
two_year,without_2020,1,71,missing_pool_mean,D2 minus lottery,2.4254470810942763,-3.6739315489122992,6.445128446151667,-3.013258734037623,5.555273257871227,False,5.059529997531984,False
two_year,without_2020,1,71,missing_pool_mean,max_resid minus lottery,-0.27074909692503013,-4.7430688129989464,6.221632070285616,-3.8900512702885885,5.082671935964614,False,5.482350441642281,False
two_year,without_2020,1,71,missing_pool_mean,mean minus D2,5.784762999709152,-1.592541614696449,12.713016948615133,-0.45809085669154215,11.340438233078556,False,7.152779281655791,False
two_year,without_2020,1,71,missing_pool_mean,variance minus D2,-2.1426825070544666,-6.578557240947139,5.571596355827168,-5.555264759231797,4.636111451403238,False,6.075076798387153,False
two_year,without_2020,1,71,missing_zero_citation_percentile,mean minus lottery,10.806158654379168,3.1847388911150527,15.528696935807105,4.232566920979411,14.268552110772498,False,6.171979022346026,False
two_year,without_2020,1,71,missing_zero_citation_percentile,max minus lottery,7.10454859958805,1.5541354547984023,13.911068236795558,2.513028072782899,12.905882849396678,False,6.178466390998578,False
two_year,without_2020,1,71,missing_zero_citation_percentile,variance minus lottery,2.146415689320463,-3.804575178480158,9.054651927321434,-3.035979506624377,8.039069961665406,False,6.429613552900796,False
two_year,without_2020,1,71,missing_zero_citation_percentile,D2 minus lottery,-0.006554984667779706,-6.9233067587274295,5.237080737789624,-6.006014493426139,4.198485808078483,False,6.080193748258527,False
two_year,without_2020,1,71,missing_zero_citation_percentile,max_resid minus lottery,-1.7206780047237302,-6.481618016723899,5.783972746026279,-5.7320357474961146,4.7665340962245235,False,6.1327953813750895,False
two_year,without_2020,1,71,missing_zero_citation_percentile,mean minus D2,10.812713639046947,1.6792730970065677,18.195692634421974,3.09017244258081,16.886677009270812,False,8.258209768707703,False
two_year,without_2020,1,71,missing_zero_citation_percentile,variance minus D2,2.152970673988243,-3.714704644431783,10.663153042345426,-2.4619967454082152,9.573680258731041,False,7.188928843388604,False
two_year,without_2020,2,140,observed_only,mean minus lottery,8.269994050314601,3.876236730495565,14.137894576505204,4.595012469351487,13.302918474092928,False,5.130828923004819,False
two_year,without_2020,2,140,observed_only,max minus lottery,8.204990475978981,2.559945629298648,13.520346011565502,3.5650303198422746,12.55178878944052,False,5.480200191133427,False
two_year,without_2020,2,140,observed_only,variance minus lottery,1.7447399654195763,-3.7896004366229037,6.921903845414287,-2.9807553912397386,5.86811116489394,False,5.355752141018596,False
two_year,without_2020,2,140,observed_only,D2 minus lottery,1.4814214339167506,-4.441572457782049,6.861168404872248,-3.6612448856150626,5.948421896478016,False,5.651370431327148,False
two_year,without_2020,2,140,observed_only,max_resid minus lottery,2.234353286733729,-4.47118329393369,7.071820598963613,-3.405725420896551,6.17713593647369,False,5.771501946448652,False
two_year,without_2020,2,140,observed_only,mean minus D2,6.78857261639785,0.26653761474002857,15.497233124410775,1.4461354984763612,14.023592846950931,False,7.615347754835373,False
two_year,without_2020,2,140,observed_only,variance minus D2,0.2633185315028257,-6.264155213780918,6.92025940691893,-5.063785319281127,5.807949773323875,False,6.592207310349924,False
two_year,without_2020,2,140,missing_percentile_0,mean minus lottery,9.738585852418282,5.608414091550351,16.126789170663343,6.496582829068021,15.219068761242593,False,5.259187539556496,False
two_year,without_2020,2,140,missing_percentile_0,max minus lottery,8.233601856538598,2.8648789013195564,13.319472924037694,3.77241568263646,12.586645185294309,False,5.227297011359068,False
two_year,without_2020,2,140,missing_percentile_0,variance minus lottery,2.527660186660924,-2.58187172959684,7.349848024468605,-1.7721135131020502,6.693486209095527,False,4.965859877032722,True
two_year,without_2020,2,140,missing_percentile_0,D2 minus lottery,1.0763748012946515,-4.404711398307844,5.749926346300903,-3.662554566388546,4.867508935979413,True,5.077318872304374,False
two_year,without_2020,2,140,missing_percentile_0,max_resid minus lottery,0.9503143996110595,-4.775587914460961,5.513351720708473,-4.013337559050338,4.670540300639625,True,5.144469817584717,False
two_year,without_2020,2,140,missing_percentile_0,mean minus D2,8.66221105112363,2.763549687906834,17.48489137026393,3.8667858402691064,16.140762355967187,False,7.360670841178548,False
two_year,without_2020,2,140,missing_percentile_0,variance minus D2,1.4512853853662726,-4.089244261548563,7.616643074526895,-3.2119377502992137,6.747533458351682,False,5.852943668037729,False
two_year,without_2020,2,140,missing_pool_mean,mean minus lottery,6.174963612605424,2.869827613400085,10.894163984680635,3.348538996520359,10.171954445404115,False,4.012168185640275,True
two_year,without_2020,2,140,missing_pool_mean,max minus lottery,5.87315703784347,1.7353982702247535,9.744869629620029,2.41485326269731,9.072102079242656,False,4.004735679697638,True
two_year,without_2020,2,140,missing_pool_mean,variance minus lottery,1.1009202837787484,-2.8739200771383357,4.8183629024187615,-2.220006601702313,4.097849033807035,True,3.8461414897785486,True
two_year,without_2020,2,140,missing_pool_mean,D2 minus lottery,0.9964288187145414,-3.071388352931242,4.640079104421923,-2.499651594463241,4.001911449076444,True,3.855733728676582,True
two_year,without_2020,2,140,missing_pool_mean,max_resid minus lottery,1.4270451740749195,-2.9583374947475862,4.657312083133665,-2.3764176246539046,4.063161442151036,True,3.807824788940626,True
two_year,without_2020,2,140,missing_pool_mean,mean minus D2,5.178534793890883,0.49298854239910045,11.541188584815592,1.480485819541978,10.495436815515465,False,5.524100021208246,False
two_year,without_2020,2,140,missing_pool_mean,variance minus D2,0.10449146506420703,-4.412914428105813,4.633754438797121,-3.6123653202005803,3.9520476671129567,True,4.523334433451467,True
two_year,without_2020,2,140,missing_zero_citation_percentile,mean minus lottery,8.217255705141788,4.529011088472544,13.823446260581097,5.311097098022784,12.983096109318991,False,4.647217586054277,True
two_year,without_2020,2,140,missing_zero_citation_percentile,max minus lottery,7.175797818533695,2.559905500697329,11.450678864012856,3.267726964650565,10.817526278944404,False,4.445386681657763,True
two_year,without_2020,2,140,missing_zero_citation_percentile,variance minus lottery,1.8751377565626015,-2.512839877087366,6.04277773922367,-1.8459891239964246,5.33352726789911,False,4.277808808155518,True
two_year,without_2020,2,140,missing_zero_citation_percentile,D2 minus lottery,1.0597952834915532,-3.505089422371483,5.131283850586809,-2.976443278385001,4.257356211659525,True,4.318186636479146,True
two_year,without_2020,2,140,missing_zero_citation_percentile,max_resid minus lottery,1.1113450743504956,-3.8567530198971487,4.852069110708484,-3.1357024999527607,4.216727165595394,True,4.354411065302816,True
two_year,without_2020,2,140,missing_zero_citation_percentile,mean minus D2,7.157460421650235,2.084128541240285,14.638670010041292,3.1750504339644974,13.563144582436403,False,6.277270734400504,False
two_year,without_2020,2,140,missing_zero_citation_percentile,variance minus D2,0.8153424730710483,-4.0563997663156135,5.9830132850713165,-3.220609907055935,5.2231404417675495,False,5.019706525693465,False
two_year,without_2020,5,344,observed_only,mean minus lottery,6.992333631539836,3.6847604360095323,9.995468946710906,4.119498062232252,9.557711869374096,False,3.155354255350687,True
two_year,without_2020,5,344,observed_only,max minus lottery,6.107336671110332,2.814609757488514,9.383236874428071,3.333234552740254,8.823756872792588,False,3.284313558469779,True
two_year,without_2020,5,344,observed_only,variance minus lottery,0.5753201001358264,-2.3968407628898167,4.5441713383112425,-1.878595308711803,3.9452094758361853,True,3.4705060506005294,True
two_year,without_2020,5,344,observed_only,D2 minus lottery,-2.5129112128959576,-5.908786881822441,1.0622021392592418,-5.47289601146915,0.5436234374790182,False,3.4854945105408413,True
two_year,without_2020,5,344,observed_only,max_resid minus lottery,-0.3129603979856057,-3.9521759982677596,2.849041628796492,-3.3944805198629093,2.2926519631057887,True,3.4006088135321257,True
two_year,without_2020,5,344,observed_only,mean minus D2,9.505244844435794,4.39485139948557,13.97799537241254,5.197766763440547,13.234156206610068,False,4.7915719864634845,True
two_year,without_2020,5,344,observed_only,variance minus D2,3.088231313031784,-0.2575168976327569,7.284101805220044,0.3247871580648695,6.5264468419722865,False,3.7708093514264007,True
two_year,without_2020,5,344,missing_percentile_0,mean minus lottery,9.177129329001723,5.917263390215666,12.353131498395948,6.420492343594966,11.828217978239353,False,3.217934054090141,True
two_year,without_2020,5,344,missing_percentile_0,max minus lottery,7.2169272102212005,4.158312175336521,10.74889788981336,4.7027487237793455,10.213052891828552,False,3.2952928572384197,True
two_year,without_2020,5,344,missing_percentile_0,variance minus lottery,1.0845883397910008,-1.8181719254215456,4.495713661525104,-1.3605313988861323,4.008112059580761,True,3.156942793473325,True
two_year,without_2020,5,344,missing_percentile_0,D2 minus lottery,-3.643786308381628,-6.453218514697136,-0.5158226959886721,-5.89093263114196,-1.0876986925784027,False,2.968697909354232,True
two_year,without_2020,5,344,missing_percentile_0,max_resid minus lottery,1.205172993669109,-2.051709814205882,3.9837832343898034,-1.657261755397232,3.490790299381207,True,3.0177465242978427,True
two_year,without_2020,5,344,missing_percentile_0,mean minus D2,12.82091563738335,8.289867150563271,16.862801603001824,8.951142951065027,16.290511961314827,False,4.286467226219276,True
two_year,without_2020,5,344,missing_percentile_0,variance minus D2,4.728374648172629,1.670917659424213,8.062025067747294,2.153227982113356,7.440734422786427,False,3.1955537041615405,True
two_year,without_2020,5,344,missing_pool_mean,mean minus lottery,5.228461437454534,2.6525556904086858,7.588671325479021,3.03966656250244,7.1977232682325605,False,2.4680578175351675,True
two_year,without_2020,5,344,missing_pool_mean,max minus lottery,4.393929490917742,1.9593617695518446,6.8431523267032235,2.307134085955797,6.444272103741184,False,2.4418952785756893,True
two_year,without_2020,5,344,missing_pool_mean,variance minus lottery,0.3090036152622275,-1.7907503064062713,3.0525923658368934,-1.4213900338328884,2.658359440609103,True,2.4216713361215825,True
two_year,without_2020,5,344,missing_pool_mean,D2 minus lottery,-1.539407606327579,-3.762543672276601,0.7329918268961723,-3.4114974773038576,0.3770236030530522,True,2.247767749586387,True
two_year,without_2020,5,344,missing_pool_mean,max_resid minus lottery,-0.35198297195452,-2.9851401182480584,1.9242480300018125,-2.568697842813285,1.4938970842143253,True,2.4546940741249355,True
two_year,without_2020,5,344,missing_pool_mean,mean minus D2,6.767869043782113,3.2474308247404,10.033337658185934,3.761231332427347,9.38604320914115,False,3.392953416722767,True
two_year,without_2020,5,344,missing_pool_mean,variance minus D2,1.8484112215898065,-0.3870108730872019,4.610645584501219,0.04566726551768881,4.176015989231851,True,2.4988282287942103,True
two_year,without_2020,5,344,missing_zero_citation_percentile,mean minus lottery,7.523747354632377,4.711518125169081,10.23080586700119,5.107639830742321,9.835564263556856,False,2.759643870916054,True
two_year,without_2020,5,344,missing_zero_citation_percentile,max minus lottery,6.001405727703279,3.3768836836280722,8.993939549020132,3.762614442743165,8.505871087766279,False,2.8085279326960295,True
two_year,without_2020,5,344,missing_zero_citation_percentile,variance minus lottery,0.719281551037632,-1.7068260516484632,3.770644556080106,-1.2588417638714908,3.345808720231129,True,2.7387353038642845,True
two_year,without_2020,5,344,missing_zero_citation_percentile,D2 minus lottery,-2.8002221223503625,-5.178227510629673,-0.21217249139576624,-4.739466502264228,-0.5780852248119253,True,2.4830275096169534,True
two_year,without_2020,5,344,missing_zero_citation_percentile,max_resid minus lottery,0.5089517750095638,-2.3565884925744065,2.868455075880153,-1.9423728080367222,2.4974224248331947,True,2.6125217842272797,True
two_year,without_2020,5,344,missing_zero_citation_percentile,mean minus D2,10.32396947698274,6.482070850888439,13.919992305028295,6.9788403990652865,13.3024407753602,False,3.718960727069928,True
two_year,without_2020,5,344,missing_zero_citation_percentile,variance minus D2,3.5195036733879945,1.0271430954495773,6.426801643901505,1.3912102011884915,5.9529342691527,False,2.699829274225964,True
two_year,without_2020,10,686,observed_only,mean minus lottery,6.630489484597604,4.114783344075486,8.655399756473486,4.462081820055842,8.284708116849966,False,2.2703082061989996,True
two_year,without_2020,10,686,observed_only,max minus lottery,5.607560980070744,3.5930252138129344,8.47257768992136,4.030535852296903,8.064586750301197,False,2.439776238054213,True
two_year,without_2020,10,686,observed_only,variance minus lottery,1.9082838011552568,-0.2628478771177974,4.288338000636513,0.012281581749498125,3.9184575842307274,True,2.275592938877155,True
two_year,without_2020,10,686,observed_only,D2 minus lottery,-1.1163383156323192,-3.5816743280202177,1.0249259737775254,-3.302144686824589,0.6291578341326066,True,2.3033001508988713,True
two_year,without_2020,10,686,observed_only,max_resid minus lottery,-1.2863548659207211,-3.424853699721982,1.2253517590218141,-3.041484599151093,0.8077185326850975,True,2.325102729371898,True
two_year,without_2020,10,686,observed_only,mean minus D2,7.746827800229923,4.351303507163422,11.092085367036892,4.866461129182399,10.622194024339562,False,3.370390929936735,True
two_year,without_2020,10,686,observed_only,variance minus D2,3.024622116787576,0.50742209215011,5.976324671144288,0.9614460513651537,5.519773760997103,False,2.734451289497089,True
two_year,without_2020,10,686,missing_percentile_0,mean minus lottery,9.884331111704192,7.302968100830729,11.974441029194423,7.682248739883042,11.649953981617204,False,2.3357364641818474,True
two_year,without_2020,10,686,missing_percentile_0,max minus lottery,6.396858767187311,4.481062592564058,9.141720863692967,4.8867054460456405,8.751567012894581,False,2.3303291355644546,True
two_year,without_2020,10,686,missing_percentile_0,variance minus lottery,2.7674186883244616,0.5515924097117607,4.8203595099616745,0.9327420212088756,4.542170819238437,True,2.134383550124957,True
two_year,without_2020,10,686,missing_percentile_0,D2 minus lottery,-1.51771768624495,-3.7703106760729974,0.38446041074189546,-3.5259228454524716,-0.046255716757188245,True,2.0773855434074466,True
two_year,without_2020,10,686,missing_percentile_0,max_resid minus lottery,-0.11904255719986168,-2.0183925990946823,2.106367450385396,-1.762130461282253,1.71343468162763,True,2.0623800247400395,True
two_year,without_2020,10,686,missing_percentile_0,mean minus D2,11.402048797949142,8.131003254973967,14.554296995513004,8.827472120548043,14.07689905536928,False,3.2116468702695187,True
two_year,without_2020,10,686,missing_percentile_0,variance minus D2,4.2851363745694115,2.1187144841743843,6.918904930351428,2.468326854387779,6.532587886077557,False,2.400095223088522,True
two_year,without_2020,10,686,missing_pool_mean,mean minus lottery,5.0533933937539,3.0244783429267255,6.651064005779329,3.3245818571827623,6.345605039936921,False,1.8132928314263017,True
two_year,without_2020,10,686,missing_pool_mean,max minus lottery,3.984296195870364,2.5193262671125343,6.081824574279064,2.815863744112839,5.7857368618590215,False,1.781249153583265,True
two_year,without_2020,10,686,missing_pool_mean,variance minus lottery,1.3146703631106078,-0.2598943924458947,2.9831422491742607,-0.04062617260826293,2.7473417122697055,True,1.6215183208100776,True
two_year,without_2020,10,686,missing_pool_mean,D2 minus lottery,-0.6911223470611745,-2.3028343997336993,0.720297922421606,-2.130341312794508,0.4746227214638497,True,1.5115661610776527,True
two_year,without_2020,10,686,missing_pool_mean,max_resid minus lottery,-0.9283370147214711,-2.4330471319587,0.8246477921103803,-2.1742488914664184,0.5578051108997591,True,1.6288474620345403,True
two_year,without_2020,10,686,missing_pool_mean,mean minus D2,5.744515740815075,3.23160755471596,8.168946242140883,3.6263857032637494,7.761398115869296,False,2.4686693437124614,True
two_year,without_2020,10,686,missing_pool_mean,variance minus D2,2.0057927101717823,0.25263357008432513,4.024684439676773,0.5857625839571661,3.710895928925336,True,1.886025434796224,True
two_year,without_2020,10,686,missing_zero_citation_percentile,mean minus lottery,7.877905433524077,5.55754049988065,9.718258594794836,5.904400367398633,9.362092784443185,False,2.080359047457093,True
two_year,without_2020,10,686,missing_zero_citation_percentile,max minus lottery,5.368800810128022,3.7130635174685693,7.743533695420498,4.082945737039121,7.417250320757023,False,2.0152350889759645,True
two_year,without_2020,10,686,missing_zero_citation_percentile,variance minus lottery,2.185549029987399,0.32092307578563894,3.9713920063705643,0.652800891046553,3.7302217112183387,True,1.8252344652924628,True
two_year,without_2020,10,686,missing_zero_citation_percentile,D2 minus lottery,-1.1609273927297465,-3.075429962106779,0.45267527010355174,-2.8397600279695583,0.13067478584125986,True,1.7640526161051653,True
two_year,without_2020,10,686,missing_zero_citation_percentile,max_resid minus lottery,-0.4455238471336287,-2.044990326273154,1.4449670861409827,-1.8132503651235559,1.1325578782106702,True,1.7449787062070685,True
two_year,without_2020,10,686,missing_zero_citation_percentile,mean minus D2,9.038832826253824,6.204570701249697,11.709658015227053,6.701584224956305,11.313984039107195,False,2.752543656988678,True
two_year,without_2020,10,686,missing_zero_citation_percentile,variance minus D2,3.3464764227171457,1.5151086989865312,5.496219672860051,1.8163453606192959,5.204995179912661,False,1.9905554869367599,True
two_year,with_2020,1,78,observed_only,mean minus lottery,9.250378124531125,1.3071799256947563,15.072305940185991,2.4890678341489205,13.604320793646043,False,6.882563007245618,False
two_year,with_2020,1,78,observed_only,max minus lottery,8.474250786741258,1.5934523231799638,15.657146571102784,2.5259391892081355,14.444738145426484,False,7.03184712396141,False
two_year,with_2020,1,78,observed_only,variance minus lottery,1.677835278885297,-4.778407499001055,10.010505055987355,-3.5846565793121057,8.790895707039027,False,7.394456277494205,False
two_year,with_2020,1,78,observed_only,D2 minus lottery,3.23575478307999,-6.069853302788714,9.09630556209215,-5.051941647147691,8.093352602319088,False,7.583079432440432,False
two_year,with_2020,1,78,observed_only,max_resid minus lottery,-0.4435673449775095,-6.588972448526282,8.800637079706139,-5.436333390937426,7.40067339196273,False,7.69480476411621,False
two_year,with_2020,1,78,observed_only,mean minus D2,6.014623341451134,-3.0780412051657753,17.115276461599766,-1.8056786654476524,15.49955122249431,False,10.09665883338277,False
two_year,with_2020,1,78,observed_only,variance minus D2,-1.5579195041946932,-7.733799319242607,9.859245701155196,-5.94182375876457,8.477061354671207,False,8.796522510198901,False
two_year,with_2020,1,78,missing_percentile_0,mean minus lottery,11.47405022473123,3.5398301723265924,16.88686477643431,4.466080086038835,15.65066078187366,False,6.67351730205386,False
two_year,with_2020,1,78,missing_percentile_0,max minus lottery,6.920760642656816,0.728821529452185,14.965447039064912,2.0534842523124914,13.715285556898115,False,7.118312754806364,False
two_year,with_2020,1,78,missing_percentile_0,variance minus lottery,4.223226849086068,-2.283552397050309,12.036304111315607,-1.3220200577688583,10.890702219249647,False,7.159928254182958,False
two_year,with_2020,1,78,missing_percentile_0,D2 minus lottery,-1.6053127463277086,-9.18144988605888,4.269696315611735,-8.068000113122444,3.3015244565841755,False,6.725573100835307,False
two_year,with_2020,1,78,missing_percentile_0,max_resid minus lottery,-2.29646602978222,-7.594891794842746,6.662306397144429,-6.626985235522634,5.32684497171212,False,7.128599095993588,False
two_year,with_2020,1,78,missing_percentile_0,mean minus D2,13.079362971058938,2.5304764362263743,21.835540407719524,4.215272987431734,20.019164428426947,False,9.652531985746574,False
two_year,with_2020,1,78,missing_percentile_0,variance minus D2,5.828539595413776,-0.8063720162220119,15.790457009505243,0.6381292246248599,14.457256753678843,False,8.298414512863628,False
two_year,with_2020,1,78,missing_pool_mean,mean minus lottery,7.265557620057926,0.8766277468731348,11.791774086708681,1.7527381836892808,10.64556861164401,False,5.457573169917773,False
two_year,with_2020,1,78,missing_pool_mean,max minus lottery,5.996492196906566,0.9504064792779662,11.442409908769513,1.7002637128287854,10.66998679440765,False,5.246001714745773,False
two_year,with_2020,1,78,missing_pool_mean,variance minus lottery,1.0759008339275695,-3.812289257861318,7.625416515445178,-2.9886215620322556,6.64743709061022,False,5.718852886653248,False
two_year,with_2020,1,78,missing_pool_mean,D2 minus lottery,2.2201261105208374,-3.690176808210328,6.043655754214651,-3.036737941608504,5.294882455887118,False,4.8669162812124895,True
two_year,with_2020,1,78,missing_pool_mean,max_resid minus lottery,-0.3335426244323827,-4.51527814387104,5.928956179371509,-3.723494531122239,5.013465699475571,False,5.2221171616212745,False
two_year,with_2020,1,78,missing_pool_mean,mean minus D2,5.045431509537089,-1.764529105220466,12.560540068369015,-0.8793909840463413,11.352277419566203,False,7.162534586794741,False
two_year,with_2020,1,78,missing_pool_mean,variance minus D2,-1.144225276593268,-5.414955698160614,6.771285741961606,-4.350750597143395,5.8878254062720545,False,6.09312072006111,False
two_year,with_2020,1,78,missing_zero_citation_percentile,mean minus lottery,9.693635429197606,2.5792344579772406,14.349682272327092,3.5014994183226684,13.346830396367963,False,5.885223907174925,False
two_year,with_2020,1,78,missing_zero_citation_percentile,max minus lottery,6.361257058166487,1.0097296741113604,13.12326211429111,1.9049576373277741,12.164417125089491,False,6.056766220089875,False
two_year,with_2020,1,78,missing_zero_citation_percentile,variance minus lottery,2.837400187439677,-2.6573697028911036,9.993083994313716,-1.7703841788581798,8.929116791835,False,6.32522684860241,False
two_year,with_2020,1,78,missing_zero_citation_percentile,D2 minus lottery,0.07147961975047679,-6.383555453655956,4.791462943178715,-5.679974781596056,3.9158316315764012,False,5.587509198417335,False
two_year,with_2020,1,78,missing_zero_citation_percentile,max_resid minus lottery,-1.5882507278258444,-5.998828511530847,5.93482269346639,-5.1147937902199,4.954016431213057,False,5.966825602498618,False
two_year,with_2020,1,78,missing_zero_citation_percentile,mean minus D2,9.62215580944713,0.880966191731565,17.632238367877363,2.343268728974904,15.988349820066714,False,8.375636088072898,False
two_year,with_2020,1,78,missing_zero_citation_percentile,variance minus D2,2.7659205676892,-2.5305649880416463,11.659386121614085,-1.3464956504178769,10.384451815444573,False,7.094975554827866,False
two_year,with_2020,2,154,observed_only,mean minus lottery,8.66253506777393,3.8800590681161156,13.883610465684063,4.803574474359048,13.14522099352788,False,5.001775698783973,False
two_year,with_2020,2,154,observed_only,max minus lottery,9.105424676229717,3.527210992722754,13.587554230291179,4.4146097116221465,12.84043663786963,False,5.0301716187842125,False
two_year,with_2020,2,154,observed_only,variance minus lottery,2.8176119918036377,-2.3071598330447816,7.858414212834477,-1.641629340155373,6.9427354759043,False,5.0827870229396295,False
two_year,with_2020,2,154,observed_only,D2 minus lottery,0.6860878534536212,-4.733116642876085,5.672577243837571,-3.980926712762995,4.813324844125378,True,5.202846943356828,False
two_year,with_2020,2,154,observed_only,max_resid minus lottery,3.0430784940677,-3.1977300233888517,7.371544194314046,-2.274430592272262,6.461729643268984,False,5.284637108851449,False
two_year,with_2020,2,154,observed_only,mean minus D2,7.976447214320309,1.1603888499260466,16.003775039727238,2.596511098668155,14.901499145117393,False,7.421693094900595,False
two_year,with_2020,2,154,observed_only,variance minus D2,2.1315241383500165,-3.8812558375535917,8.119584926592418,-2.8721567623776276,7.101857444327984,False,6.000420382073005,False
two_year,with_2020,2,154,missing_percentile_0,mean minus lottery,9.686179029679032,5.698463560507887,15.646356136110946,6.564159325876667,14.850077461372244,False,4.97394628780153,True
two_year,with_2020,2,154,missing_percentile_0,max minus lottery,8.68701355431346,3.535383531286011,13.469089019035628,4.297010650082802,12.65405510909297,False,4.966852743874808,True
two_year,with_2020,2,154,missing_percentile_0,variance minus lottery,3.360261839150674,-1.5136369070766087,8.05691655991499,-0.7496680636784486,7.2901954777288935,False,4.7852767334958,True
two_year,with_2020,2,154,missing_percentile_0,D2 minus lottery,0.3753925993178022,-4.515679558992336,5.104670931116087,-3.7862600066220513,4.16925300436379,True,4.810175245054212,True
two_year,with_2020,2,154,missing_percentile_0,max_resid minus lottery,1.7469495275895497,-3.430215836143785,5.900139374370917,-2.793861059764684,5.015581270906191,False,4.665177605257351,True
two_year,with_2020,2,154,missing_percentile_0,mean minus D2,9.31078643036123,3.6317232205671344,17.253325672030826,4.708594050994929,16.305173295787252,False,6.810801225731845,False
two_year,with_2020,2,154,missing_percentile_0,variance minus D2,2.9848692398328716,-2.305334054730057,8.475293173465703,-1.2855573853034978,7.7395817684390815,False,5.39031361409788,False
two_year,with_2020,2,154,missing_pool_mean,mean minus lottery,6.609448745593589,2.8965850015363284,10.857785673698231,3.653732452751728,10.227853706843028,False,3.9806003360809514,True
two_year,with_2020,2,154,missing_pool_mean,max minus lottery,6.70408092578959,2.5094717248590244,10.153060212435873,3.164722818998729,9.49751826229903,False,3.8217942437884247,True
two_year,with_2020,2,154,missing_pool_mean,variance minus lottery,1.9529369931454568,-1.8676861211261842,5.579070797794029,-1.3764191081156805,4.973390166015447,True,3.7233784594601067,True
two_year,with_2020,2,154,missing_pool_mean,D2 minus lottery,0.46564073089849956,-3.33199254134668,3.968046141744583,-2.8458450710103134,3.3814542079336287,True,3.6500193415456312,True
two_year,with_2020,2,154,missing_pool_mean,max_resid minus lottery,2.0700525700807404,-2.3009858460324764,5.082247326292757,-1.6519061191870594,4.458855208486988,True,3.691616586162617,True
two_year,with_2020,2,154,missing_pool_mean,mean minus D2,6.1438080146950895,1.2601175914882068,12.264343658582915,2.2289643573155558,11.37019399383541,False,5.502113033547354,False
two_year,with_2020,2,154,missing_pool_mean,variance minus D2,1.4872962622469572,-2.8061274965227527,5.788839164206259,-2.1436015237131936,5.056449695299773,False,4.297483330364505,True
two_year,with_2020,2,154,missing_zero_citation_percentile,mean minus lottery,8.368660026504429,4.690067865135074,13.529728614919552,5.358603582656736,12.831052118469639,False,4.419830374892239,True
two_year,with_2020,2,154,missing_zero_citation_percentile,max minus lottery,7.790881923203941,3.3959090233174587,11.770239131150845,3.85605109543144,11.186853418158941,False,4.187165053916694,True
two_year,with_2020,2,154,missing_zero_citation_percentile,variance minus lottery,2.722715479949194,-1.5130385667831432,6.750809273711873,-0.8979611447822595,6.069125898600834,False,4.131923920247508,True
two_year,with_2020,2,154,missing_zero_citation_percentile,D2 minus lottery,0.4258287138462862,-3.6742546419164803,4.51187218397843,-3.047273082988463,3.7029197869708925,True,4.093063412947455,True
two_year,with_2020,2,154,missing_zero_citation_percentile,max_resid minus lottery,1.8489969000587578,-2.798267178091182,5.341729632448533,-2.20585939945013,4.596128751187132,True,4.069998405269857,True
two_year,with_2020,2,154,missing_zero_citation_percentile,mean minus D2,7.942831312658143,2.87448201762047,14.77615499263202,3.8904958165147563,13.917612341243979,False,5.950836487505775,False
two_year,with_2020,2,154,missing_zero_citation_percentile,variance minus D2,2.296886766102908,-2.384990356030431,6.952570218471815,-1.4869637317405413,6.310451424828443,False,4.668780287251122,True
two_year,with_2020,5,379,observed_only,mean minus lottery,7.778321255055467,4.614663241106087,10.674576591420346,5.067006658272996,10.160543011390894,False,3.029956675157129,True
two_year,with_2020,5,379,observed_only,max minus lottery,6.413127660160306,3.2383370017477078,9.405081476443048,3.668957206305131,8.888838769758134,False,3.08337223734767,True
two_year,with_2020,5,379,observed_only,variance minus lottery,1.9059161005331475,-1.064328729020966,5.3872613896796,-0.5746978882336694,4.836008995403641,True,3.225795059350283,True
two_year,with_2020,5,379,observed_only,D2 minus lottery,-2.6999481916169046,-5.870880628349508,0.7164354913624007,-5.316168206059688,0.147312778750207,False,3.2936580598559546,True
two_year,with_2020,5,379,observed_only,max_resid minus lottery,0.27652884896765073,-2.9414953888357354,3.1157871910100066,-2.4787356794599886,2.678462701977216,True,3.028641289922871,True
two_year,with_2020,5,379,observed_only,mean minus D2,10.478269446672371,5.834303448773422,14.84897665445007,6.640515582802574,14.028495647235617,False,4.507336602838324,True
two_year,with_2020,5,379,observed_only,variance minus D2,4.605864292150052,1.318556597120815,8.410016929885625,1.8465021229583147,7.781428748578656,False,3.545730166382405,True
two_year,with_2020,5,379,missing_percentile_0,mean minus lottery,9.57107700168783,6.569062820029384,12.681386808154308,7.029980066630751,12.177041838166522,False,3.056161994062462,True
two_year,with_2020,5,379,missing_percentile_0,max minus lottery,7.328458046895118,4.339316414809135,10.491985117337444,4.8185326380113045,10.028320141825628,False,3.0763343512641548,True
two_year,with_2020,5,379,missing_percentile_0,variance minus lottery,2.115399092052254,-0.7342160723949339,5.21511839397886,-0.3312787795763983,4.79272078332597,True,2.9746672331868966,True
two_year,with_2020,5,379,missing_percentile_0,D2 minus lottery,-3.8632184779392738,-6.422450266078596,-0.7182024692451598,-6.005294461610549,-1.2919782158744644,False,2.852123898416718,True
two_year,with_2020,5,379,missing_percentile_0,max_resid minus lottery,1.6130386143412387,-1.42403831365967,4.304972213244676,-0.9891605898226196,3.8161365385867776,True,2.8645052634521733,True
two_year,with_2020,5,379,missing_percentile_0,mean minus D2,13.434295479627103,9.368719945892737,17.230255748637827,9.898946577822446,16.535272989937575,False,3.930767901372545,True
two_year,with_2020,5,379,missing_percentile_0,variance minus D2,5.978617569991528,2.6474958386388243,8.995888407845245,3.2409504606264212,8.510800308007163,False,3.17419628460321,True
two_year,with_2020,5,379,missing_pool_mean,mean minus lottery,5.986043321768207,3.47397633046341,8.30149407187586,3.8322237618850563,7.899804305385943,False,2.413758870706225,True
two_year,with_2020,5,379,missing_pool_mean,max minus lottery,4.765140829381409,2.3295942712890456,7.056133988530084,2.679541820277118,6.687514777049108,False,2.363269858620519,True
two_year,with_2020,5,379,missing_pool_mean,variance minus lottery,1.2994037228144037,-0.8624398753981939,3.7901596659762435,-0.5094172337122842,3.4252166582724572,True,2.3262997706872186,True
two_year,with_2020,5,379,missing_pool_mean,D2 minus lottery,-1.7321619003108637,-3.800091310154125,0.5134312097813545,-3.495119600101086,0.15599074994946788,True,2.1567612599677397,True
two_year,with_2020,5,379,missing_pool_mean,max_resid minus lottery,0.08764876769802754,-2.3206946052148814,2.21047159698828,-1.9516229792187165,1.8782852727419406,True,2.265583101101581,True
two_year,with_2020,5,379,missing_pool_mean,mean minus D2,7.718205222079071,4.396460713904315,10.91569069193302,4.938321537724639,10.31711412698299,False,3.259614989014353,True
two_year,with_2020,5,379,missing_pool_mean,variance minus D2,3.0315656231252675,0.7667731113379402,5.65695453239801,1.0904531732538214,5.306609943316928,False,2.445090710530035,True
two_year,with_2020,5,379,missing_zero_citation_percentile,mean minus lottery,8.069972506415716,5.475188523989553,10.800627216149234,5.781197162581217,10.275136615802491,False,2.6627193460798404,True
two_year,with_2020,5,379,missing_zero_citation_percentile,max minus lottery,6.224778378000025,3.607227104544794,8.922438911029436,4.0135081937106385,8.497922665174494,False,2.657605903242321,True
two_year,with_2020,5,379,missing_zero_citation_percentile,variance minus lottery,1.738781590497318,-0.7352533960496067,4.449601764676919,-0.353466274037682,4.094370732890878,True,2.5924275803632626,True
two_year,with_2020,5,379,missing_zero_citation_percentile,D2 minus lottery,-3.0086921931481214,-5.193476124448351,-0.4159620735805389,-4.863239112171486,-0.7808546895095397,True,2.388757025433906,True
two_year,with_2020,5,379,missing_zero_citation_percentile,max_resid minus lottery,0.9360660629506228,-1.609257492411054,3.246119419922185,-1.3324185355822702,2.842658129291465,True,2.4276884561666194,True
two_year,with_2020,5,379,missing_zero_citation_percentile,mean minus D2,11.078664699563838,7.525622878105282,14.345673751358374,7.943412010463475,13.804544635636136,False,3.410025436626546,True
two_year,with_2020,5,379,missing_zero_citation_percentile,variance minus D2,4.7474737836454395,1.9657204361985734,7.484443415797693,2.5210218855588877,7.094886119904544,False,2.7593614897995598,True
two_year,with_2020,10,755,observed_only,mean minus lottery,7.3856849263425275,5.090463649985002,9.357735423730059,5.468542866440205,9.022815441611211,False,2.1336358868725287,True
two_year,with_2020,10,755,observed_only,max minus lottery,5.2489431920445995,3.6181314064594243,8.023673935112948,3.912860921654856,7.759990313106445,False,2.2027712643267616,True
two_year,with_2020,10,755,observed_only,variance minus lottery,2.3211531382426784,0.2122097959689258,4.7415188356601625,0.6107933410294049,4.314243451610155,True,2.2646545198456183,True
two_year,with_2020,10,755,observed_only,D2 minus lottery,-0.8118792739949825,-3.215830843466496,1.0848878788911438,-2.8613053472197416,0.7825940516502922,True,2.15035936117882,True
two_year,with_2020,10,755,observed_only,max_resid minus lottery,-0.8435784453105555,-2.971298836556783,1.5334006617222276,-2.606024876895179,1.0987215401878212,True,2.2523497491395053,True
two_year,with_2020,10,755,observed_only,mean minus D2,8.19756420033751,4.996699467838894,11.34824101899457,5.594466530273656,10.860377103556765,False,3.1757707755778375,True
two_year,with_2020,10,755,observed_only,variance minus D2,3.133032412237661,1.0629214956560775,5.997837624503056,1.4821877625313136,5.554442683381769,False,2.4674580644234894,True
two_year,with_2020,10,755,missing_percentile_0,mean minus lottery,10.169480486260163,7.848857368436671,12.17793427158707,8.164483895952559,11.861816983456675,False,2.1645384515751993,True
two_year,with_2020,10,755,missing_percentile_0,max minus lottery,6.033901018099556,4.4129236767841835,8.664041570560832,4.69783741375713,8.316578045067468,False,2.125558946888324,True
two_year,with_2020,10,755,missing_percentile_0,variance minus lottery,2.9256873551217097,0.9094736090468184,5.020650521822448,1.2702605527416382,4.697436820529501,True,2.055588456387815,True
two_year,with_2020,10,755,missing_percentile_0,D2 minus lottery,-1.3221987482421227,-3.54573887710929,0.33022110466618787,-3.1517357173026075,0.032031277942060864,True,1.937979990887739,True
two_year,with_2020,10,755,missing_percentile_0,max_resid minus lottery,0.09645809273754935,-1.8126841107443863,2.2301404253880635,-1.5397529565444552,1.8506464468871502,True,2.021412268066225,True
two_year,with_2020,10,755,missing_percentile_0,mean minus D2,11.491679234502286,8.719058349738797,14.414010413659566,9.125694617860773,13.999065398079752,False,2.847476031960385,True
two_year,with_2020,10,755,missing_percentile_0,variance minus D2,4.247886103363832,2.3123520204833783,6.881606375560438,2.617329184752991,6.509965399989108,False,2.28462717753853,True
two_year,with_2020,10,755,missing_pool_mean,mean minus lottery,5.7806299958876295,3.923075593976639,7.3201100874715515,4.188853112791238,7.082094076448485,False,1.6985172467474563,True
two_year,with_2020,10,755,missing_pool_mean,max minus lottery,3.8424086079792943,2.5880637331719094,5.9704638674903805,2.816179544089186,5.743655712835364,False,1.6912000671592355,True
two_year,with_2020,10,755,missing_pool_mean,variance minus lottery,1.6620196635877633,0.09656367504245207,3.4348002474181416,0.37704381977396795,3.1385080104710763,True,1.6691182861878449,True
two_year,with_2020,10,755,missing_pool_mean,D2 minus lottery,-0.5148336533167637,-2.1658778674802943,0.7986159765976744,-1.938608614781207,0.5960763698287276,True,1.4822469220389842,True
two_year,with_2020,10,755,missing_pool_mean,max_resid minus lottery,-0.6382900444507911,-2.1664529367562326,1.0939805447106443,-1.9342816088940382,0.7706647338082205,True,1.6302167407334385,True
two_year,with_2020,10,755,missing_pool_mean,mean minus D2,6.295463649204393,3.8619037369407465,8.636322960670345,4.319803395747297,8.286267501811597,False,2.387209611864799,True
two_year,with_2020,10,755,missing_pool_mean,variance minus D2,2.176853316904527,0.6722016958302008,4.203297250995382,0.9768521070378853,3.906949606285913,True,1.7655477775825905,True
two_year,with_2020,10,755,missing_zero_citation_percentile,mean minus lottery,8.346658448337692,6.336816605909232,10.105155918740573,6.553634789429932,9.811915723702246,False,1.8841696564156707,True
two_year,with_2020,10,755,missing_zero_citation_percentile,max minus lottery,5.1000329625464715,3.6832854064693894,7.445818593318833,3.9670382148389156,7.1461868087037,False,1.881266593424722,True
two_year,with_2020,10,755,missing_zero_citation_percentile,variance minus lottery,2.419637135537535,0.6914226499499223,4.3377268176685275,1.0539306839563334,4.025089912875903,True,1.8231520838593025,True
two_year,with_2020,10,755,missing_zero_citation_percentile,D2 minus lottery,-0.9753738327658255,-2.838518682552519,0.4695933138832391,-2.5763291398232,0.17026016812502714,True,1.654055998217879,True
two_year,with_2020,10,755,missing_zero_citation_percentile,max_resid minus lottery,-0.19995089838096192,-1.9020326529803906,1.6208640067426556,-1.6032677063970309,1.3575533267598934,True,1.761448329861523,True
two_year,with_2020,10,755,missing_zero_citation_percentile,mean minus D2,9.322032281103517,6.823305892453338,11.814572877009331,7.273646938449023,11.50887442408961,False,2.4956334922779964,True
two_year,with_2020,10,755,missing_zero_citation_percentile,variance minus D2,3.3950109683033602,1.7596594908202867,5.715230461648216,2.073491763384335,5.353106147907518,False,1.9777854854139645,True
three_year,without_2020,1,32,observed_only,mean minus lottery,17.62284141331763,7.358069927548927,23.86447867493934,8.753688212410898,22.895102853021317,False,8.253204373695205,False
three_year,without_2020,1,32,observed_only,max minus lottery,12.246117208380035,-0.17307185158623437,23.034543808968262,1.7684880832795955,20.864462554806565,False,11.603807830277248,False
three_year,without_2020,1,32,observed_only,variance minus lottery,0.36962100411014376,-9.120614746166229,11.989198808557271,-7.214720794033418,9.909468084967589,False,10.55490677736175,False
three_year,without_2020,1,32,observed_only,D2 minus lottery,1.5617942500574031,-10.004003805809928,10.121691498376757,-8.040260816865608,8.469404611409486,False,10.062847652093343,False
three_year,without_2020,1,32,observed_only,max_resid minus lottery,-3.4413364693453588,-12.162964277073211,9.782145106314637,-10.4829635690609,7.944778880522506,False,10.972554691693924,False
three_year,without_2020,1,32,observed_only,mean minus D2,16.061047163260227,2.4733049454201437,28.62925019827705,4.302050610095997,26.760370002364056,False,13.077972626428453,False
three_year,without_2020,1,32,observed_only,variance minus D2,-1.1921732459472594,-9.632265082770138,11.93327664621353,-8.21023686271584,10.302200844889773,False,10.782770864491834,False
three_year,without_2020,1,32,missing_percentile_0,mean minus lottery,20.239041692697718,7.615667890896323,27.332621477546983,9.223012784733893,26.13169656139575,False,9.85847679332533,False
three_year,without_2020,1,32,missing_percentile_0,max minus lottery,5.221676542762758,-4.6574965445512095,18.064316676618336,-2.8836940141162763,16.416127615037137,False,11.360906610584774,False
three_year,without_2020,1,32,missing_percentile_0,variance minus lottery,1.48086650256392,-7.827744024511529,12.968515233687784,-6.1054074880553,11.310334977277357,False,10.398129629099657,False
three_year,without_2020,1,32,missing_percentile_0,D2 minus lottery,-0.13377379160572644,-11.731155409872414,8.684289352649158,-10.026763666043014,6.871472050412515,False,10.207722381260787,False
three_year,without_2020,1,32,missing_percentile_0,max_resid minus lottery,-6.543913715531289,-14.286007744640413,7.445512460131436,-12.854630745553962,5.179897794968304,False,10.865760102385924,False
three_year,without_2020,1,32,missing_percentile_0,mean minus D2,20.372815484303445,4.758823307933164,34.05396682337789,6.7849213692717365,31.529406747794766,False,14.647571757722364,False
three_year,without_2020,1,32,missing_percentile_0,variance minus D2,1.6146402941696465,-7.403463113015203,16.267992224718707,-5.8569241526435665,14.03845655807146,False,11.835727668866955,False
three_year,without_2020,1,32,missing_pool_mean,mean minus lottery,16.31074691482945,6.622101586045172,22.24955443791431,7.892653607118836,21.047719722824112,False,7.8137264259345685,False
three_year,without_2020,1,32,missing_pool_mean,max minus lottery,9.433249786504689,0.1727131653383461,18.44003142728079,1.5721930224513925,16.93397069962854,False,9.133659130971221,False
three_year,without_2020,1,32,missing_pool_mean,variance minus lottery,0.26227079504908346,-7.79451010491385,10.364509334206442,-6.61119119110187,8.61250141309848,False,9.079509719560146,False
three_year,without_2020,1,32,missing_pool_mean,D2 minus lottery,1.3573295712328601,-7.627187763147006,8.230187241169007,-6.407214732019575,6.974439663671878,False,7.928687502158007,False
three_year,without_2020,1,32,missing_pool_mean,max_resid minus lottery,-2.387355542926308,-8.953577726920507,7.850312640466675,-7.8169254949043765,6.386272212571704,False,8.401945183693591,False
three_year,without_2020,1,32,missing_pool_mean,mean minus D2,14.953417343596591,2.855199973857404,25.371386938060294,4.591546990783411,23.77465596760719,False,11.258093482101446,False
three_year,without_2020,1,32,missing_pool_mean,variance minus D2,-1.0950587761837767,-8.333867745604136,9.892299773393342,-7.003578995292328,8.508868273718747,False,9.113083759498739,False
three_year,without_2020,1,32,missing_zero_citation_percentile,mean minus lottery,19.01998420206524,7.538832064375735,25.671922424753856,9.008931621458053,24.444261413538452,False,9.06654518018906,False
three_year,without_2020,1,32,missing_zero_citation_percentile,max minus lottery,6.494509795969876,-3.2227043206553883,18.058038642697994,-1.1761753662960972,16.588333911971702,False,10.640371481676691,False
three_year,without_2020,1,32,missing_zero_citation_percentile,variance minus lottery,1.2166586266229515,-7.423102132146409,11.960791701937575,-5.946604148431868,10.432419329027281,False,9.691946917041992,False
three_year,without_2020,1,32,missing_zero_citation_percentile,D2 minus lottery,0.5568679471448306,-9.818427723082012,8.457823969144657,-8.357348478158245,6.92152600796896,False,9.138125846113335,False
three_year,without_2020,1,32,missing_zero_citation_percentile,max_resid minus lottery,-5.163344985116442,-11.977894124053057,7.461792012335867,-11.022408551652545,5.387904254042464,False,9.719843068194463,False
three_year,without_2020,1,32,missing_zero_citation_percentile,mean minus D2,18.463116254920408,4.075669757353919,30.828422527929003,6.2611322774741165,28.658170193373042,False,13.376376385287543,False
three_year,without_2020,1,32,missing_zero_citation_percentile,variance minus D2,0.659790679478121,-7.21950806152296,13.82641673272471,-5.85779861156971,11.87563571872344,False,10.522962397123834,False
three_year,without_2020,2,62,observed_only,mean minus lottery,10.381794325622408,5.057676153084479,19.450116248493618,6.54469582762622,18.36124183528298,False,7.1962200477045695,False
three_year,without_2020,2,62,observed_only,max minus lottery,12.281715838524747,3.5045241258528073,19.511590868504708,4.754986742126258,18.245329432829298,False,8.00353337132595,False
three_year,without_2020,2,62,observed_only,variance minus lottery,1.6230083706428076,-6.206779442100934,8.931579556463513,-5.162362700080871,7.792036335891065,False,7.569179499282223,False
three_year,without_2020,2,62,observed_only,D2 minus lottery,0.6222851592146981,-7.763405873778023,7.497451948478759,-6.437598603298372,5.99656649954469,False,7.630428911128391,False
three_year,without_2020,2,62,observed_only,max_resid minus lottery,1.0863887447279055,-6.104337580443864,8.692660337359989,-5.085898198741546,7.256974421129212,False,7.398498958901927,False
three_year,without_2020,2,62,observed_only,mean minus D2,9.75950916640771,2.0747509347275224,22.982886978553964,3.9694784848568676,21.430385036794558,False,10.454068021913221,False
three_year,without_2020,2,62,observed_only,variance minus D2,1.0007232114281095,-6.743885413165821,10.177596734569473,-5.6810629066619835,8.796856715352622,False,8.460741073867647,False
three_year,without_2020,2,62,missing_percentile_0,mean minus lottery,8.536633556214,3.484515491225314,18.40100199297834,4.801562763290311,17.248991523408687,False,7.458243250876514,False
three_year,without_2020,2,62,missing_percentile_0,max minus lottery,7.5479285760664325,-0.010471021123589502,15.132007944656339,0.9641072057543862,13.91607696580256,False,7.571239482889964,False
three_year,without_2020,2,62,missing_percentile_0,variance minus lottery,3.256998642947643,-5.397859547892075,9.864590584041954,-4.023951493550345,8.515480521318626,False,7.631225065967015,False
three_year,without_2020,2,62,missing_percentile_0,D2 minus lottery,-0.9941089210111826,-8.61896156293388,5.7180533552953925,-7.697291820999129,4.687336208088298,False,7.168507459114636,False
three_year,without_2020,2,62,missing_percentile_0,max_resid minus lottery,0.06032755203001017,-7.112907329883222,7.46815955131996,-6.13535742007762,6.423652975139446,False,7.290533440601591,False
three_year,without_2020,2,62,missing_percentile_0,mean minus D2,9.530742477225182,1.7588518871273533,23.038253208422038,3.5794762773670965,21.50929882791446,False,10.639700660647343,False
three_year,without_2020,2,62,missing_percentile_0,variance minus D2,4.251107563958826,-4.382077102977255,12.484927647888053,-2.8993529568282304,11.290766850333721,False,8.433502375432655,False
three_year,without_2020,2,62,missing_pool_mean,mean minus lottery,8.802272933898827,4.420526170341002,16.66752273044885,5.555437548384532,15.7277654851475,False,6.123498280053925,False
three_year,without_2020,2,62,missing_pool_mean,max minus lottery,9.845971431551355,2.9226582645176293,15.499968786854646,3.9031267202714015,14.693331767869111,False,6.2886552611685085,False
three_year,without_2020,2,62,missing_pool_mean,variance minus lottery,1.2741937954797322,-5.370220628520359,7.681529024822582,-4.628119774003942,6.603196055252161,False,6.525874826671471,False
three_year,without_2020,2,62,missing_pool_mean,D2 minus lottery,0.5620644418894258,-6.023509235373003,6.110590183744985,-5.136367926845273,4.8967430771616565,False,6.067049709558994,False
three_year,without_2020,2,62,missing_pool_mean,max_resid minus lottery,0.8234007995209964,-5.101344115373481,7.153242378518786,-4.1217056694047605,6.038574746406104,False,6.127293246946133,False
three_year,without_2020,2,62,missing_pool_mean,mean minus D2,8.240208492009401,1.9855192032656264,19.66478613799742,3.6224467073830993,18.1983946176286,False,8.839633467365898,False
three_year,without_2020,2,62,missing_pool_mean,variance minus D2,0.7121293535903064,-5.928474596584986,8.64956138736835,-4.965022418281026,7.191645671306669,False,7.289017991976667,False
three_year,without_2020,2,62,missing_zero_citation_percentile,mean minus lottery,8.60102760690858,4.026314286019389,17.783944567154276,5.0892148329425115,16.74800885862495,False,6.878815140567443,False
three_year,without_2020,2,62,missing_zero_citation_percentile,max minus lottery,8.29823489247542,1.0767114315760415,15.12952234352903,2.054240082440507,14.084556219520177,False,7.026405455976494,False
three_year,without_2020,2,62,missing_zero_citation_percentile,variance minus lottery,2.695644359381731,-5.030053448311403,8.881204339440814,-3.9743561778269436,7.848190380756283,False,6.955628893876108,False
three_year,without_2020,2,62,missing_zero_citation_percentile,D2 minus lottery,-0.4068072970069281,-7.526955055338404,5.773081320568191,-6.520420986569017,4.673886269770921,False,6.650018187953298,False
three_year,without_2020,2,62,missing_zero_citation_percentile,max_resid minus lottery,0.40349563417431256,-6.180732348809181,7.295210551835338,-5.17599044879184,6.264470824801396,False,6.737971450322259,False
three_year,without_2020,2,62,missing_zero_citation_percentile,mean minus D2,9.007834903915509,1.758081700652033,21.638451772780595,3.7155603690822607,20.06930093819931,False,9.940185036064282,False
three_year,without_2020,2,62,missing_zero_citation_percentile,variance minus D2,3.1024516563886593,-4.838849559255933,11.019488615856421,-3.2455150224743443,9.73499080165822,False,7.929169087556177,False
three_year,without_2020,5,151,observed_only,mean minus lottery,12.345309658233013,7.27495080444607,16.54736593120366,8.19652085245295,15.656250620111235,False,4.636207563378795,True
three_year,without_2020,5,151,observed_only,max minus lottery,10.119186245352381,5.455359019134445,15.464447927366498,6.275680663333124,14.756753357159932,False,5.004544454116027,False
three_year,without_2020,5,151,observed_only,variance minus lottery,1.4379923035618702,-3.0569077378180243,6.936969739349147,-2.4282456911391193,6.091507001690528,False,4.9969387385835855,True
three_year,without_2020,5,151,observed_only,D2 minus lottery,-3.4462142093443546,-8.319586808353707,1.440499030386077,-7.603313581919975,0.7081261412038653,False,4.880042919369892,True
three_year,without_2020,5,151,observed_only,max_resid minus lottery,1.9002125492083195,-3.2064215146535404,6.353590638729219,-2.4146025433707194,5.594739078884543,False,4.78000607669138,True
three_year,without_2020,5,151,observed_only,mean minus D2,15.791523867577368,8.794717246663385,22.182229675304136,9.856600947616794,21.27009184581893,False,6.693756214320375,False
three_year,without_2020,5,151,observed_only,variance minus D2,4.884206512906225,-0.13596999929401415,10.943224399251601,0.8118684661348503,10.054831713360866,False,5.539597199272808,False
three_year,without_2020,5,151,missing_percentile_0,mean minus lottery,11.865041959082632,6.595966379667783,16.007761189928335,7.556289520850215,15.319567544826027,False,4.705897405130276,True
three_year,without_2020,5,151,missing_percentile_0,max minus lottery,8.237716767588886,3.140021177707518,13.38930205170291,4.061657908337083,12.5334342271032,False,5.124640436997696,False
three_year,without_2020,5,151,missing_percentile_0,variance minus lottery,0.9938065909954759,-3.39022845209164,6.2321718224812646,-2.5763230745841716,5.487681057005673,False,4.811200137286452,True
three_year,without_2020,5,151,missing_percentile_0,D2 minus lottery,-5.575490692021763,-9.824577778877694,-0.7975585810797718,-9.136175958798008,-1.5622654670979024,False,4.5135095988989615,True
three_year,without_2020,5,151,missing_percentile_0,max_resid minus lottery,1.379500305905765,-3.3140069101882648,5.953106197875253,-2.6251476321968354,5.2856278675326385,False,4.633556554031759,True
three_year,without_2020,5,151,missing_percentile_0,mean minus D2,17.440532651104395,10.1467561222437,23.319929503879074,11.275810479972646,22.291402514301502,False,6.586586690817687,False
three_year,without_2020,5,151,missing_percentile_0,variance minus D2,6.569297283017239,1.6849084932564629,11.716165328106992,2.492398328775176,10.800166192008593,False,5.0156284174252646,False
three_year,without_2020,5,151,missing_pool_mean,mean minus lottery,10.637764148319079,6.203256160631151,14.228665390924332,7.002572753399915,13.564173480517153,False,4.012704615146591,True
three_year,without_2020,5,151,missing_pool_mean,max minus lottery,8.4308354346485,4.426320367944758,12.921324842294098,5.163380945932218,12.196916179323994,False,4.24750223717467,True
three_year,without_2020,5,151,missing_pool_mean,variance minus lottery,1.1425725218436185,-2.6485098132396403,5.690013604138789,-2.089094840459551,5.002964783666041,False,4.1692617086892145,True
three_year,without_2020,5,151,missing_pool_mean,D2 minus lottery,-2.4972263331043365,-6.372111934930426,1.2191683246600697,-5.745967948418098,0.6803644542782921,False,3.795640129795248,True
three_year,without_2020,5,151,missing_pool_mean,max_resid minus lottery,1.5282662367539146,-2.7387574665722703,5.31241721860539,-2.121357286690967,4.606956244577497,True,4.02558734258883,True
three_year,without_2020,5,151,missing_pool_mean,mean minus D2,13.134990481423415,7.529980887699597,18.597330537539907,8.289840531851127,17.557015262198277,False,5.533674824920155,False
three_year,without_2020,5,151,missing_pool_mean,variance minus D2,3.639798854947955,-0.29896651108831407,8.709225798053906,0.3893323083043118,7.855061866019153,False,4.50409615457111,True
three_year,without_2020,5,151,missing_zero_citation_percentile,mean minus lottery,11.471793635639948,6.58047700724786,15.430097028602464,7.386203428587363,14.588326628387374,False,4.424810010677302,True
three_year,without_2020,5,151,missing_zero_citation_percentile,max minus lottery,8.305622171787086,3.7828617590171105,13.12732423747316,4.5455210035290845,12.304125904153958,False,4.672231239228024,True
three_year,without_2020,5,151,missing_zero_citation_percentile,variance minus lottery,1.0740635307901627,-2.9539922320859873,5.95048228208739,-2.3279750311973526,5.235057247037401,False,4.452237257086688,True
three_year,without_2020,5,151,missing_zero_citation_percentile,D2 minus lottery,-4.597629368138293,-8.48132674106404,-0.18901961852352706,-7.968903228304031,-0.9245235281705744,False,4.146153561270256,True
three_year,without_2020,5,151,missing_zero_citation_percentile,max_resid minus lottery,1.4597572457004588,-2.931561738616585,5.683133602233219,-2.25256461980168,5.044303419729927,False,4.307347670424901,True
three_year,without_2020,5,151,missing_zero_citation_percentile,mean minus D2,16.06942300377824,9.416681821767543,21.55103689719701,10.40550737175189,20.645946586861793,False,6.067177537714734,False
three_year,without_2020,5,151,missing_zero_citation_percentile,variance minus D2,5.671692898928455,1.1489443132421218,10.595314567872203,1.968797020180515,9.848900829728914,False,4.72318512731504,True
three_year,without_2020,10,301,observed_only,mean minus lottery,11.083068844127148,7.900141242995185,14.096210366185822,8.40724855464995,13.588563033568123,False,3.0980345615953184,True
three_year,without_2020,10,301,observed_only,max minus lottery,9.019969025195216,6.444529505486963,13.293893302246012,6.984987038007588,12.742184078325868,False,3.4246818983795246,True
three_year,without_2020,10,301,observed_only,variance minus lottery,3.5752482578681892,0.4819381353284396,7.07093296514909,1.0873641048569809,6.572865369908308,False,3.2944974149103254,True
three_year,without_2020,10,301,observed_only,D2 minus lottery,-1.0637453452911458,-4.8060108428190675,1.9104220463102903,-4.249729528219583,1.364347271633312,True,3.358216444564679,True
three_year,without_2020,10,301,observed_only,max_resid minus lottery,-1.571349218973964,-4.4290244095746525,2.0307430236491033,-3.919806410248701,1.5594407975541342,True,3.229883716611878,True
three_year,without_2020,10,301,observed_only,mean minus D2,12.146814189418293,7.8598064075078,16.868315751419175,8.536149327860262,16.18845063725048,False,4.504254671955687,True
three_year,without_2020,10,301,observed_only,variance minus D2,4.638993603159335,1.4564002226286934,8.883836091818981,2.1281128246557506,8.351780487654212,False,3.713717934595144,True
three_year,without_2020,10,301,missing_percentile_0,mean minus lottery,11.632387962916681,8.348678853708474,14.653958625934841,8.858148885287129,14.034561267232469,False,3.1526398861131835,True
three_year,without_2020,10,301,missing_percentile_0,max minus lottery,7.144544813940385,4.389050448675822,11.159721531002596,4.945903502624692,10.646247760051558,False,3.385335541163387,True
three_year,without_2020,10,301,missing_percentile_0,variance minus lottery,3.6615094852013925,0.46872049129969734,7.1314744231353195,1.0592572711939277,6.558480178111199,False,3.331376965917811,True
three_year,without_2020,10,301,missing_percentile_0,D2 minus lottery,-2.1619076620755635,-5.412644698069049,0.8477186210394636,-4.955729097199446,0.32102085943724307,True,3.1301816595542564,True
three_year,without_2020,10,301,missing_percentile_0,max_resid minus lottery,-1.5208783240532782,-4.261320178933891,1.927323920259276,-3.8635863995697077,1.3455521612081467,True,3.0943220495965837,True
three_year,without_2020,10,301,missing_percentile_0,mean minus D2,13.794295624992245,9.14130210257772,18.117885445408604,10.095646894749622,17.44723320258644,False,4.488291671415442,True
three_year,without_2020,10,301,missing_percentile_0,variance minus D2,5.823417147276956,2.740865835121284,9.527097689112283,3.1461504908257285,8.988296477427264,False,3.3931159269955,True
three_year,without_2020,10,301,missing_pool_mean,mean minus lottery,9.675525820804928,6.839966386358991,12.266063529172943,7.299856701847883,11.884747185549235,False,2.713048571406976,True
three_year,without_2020,10,301,missing_pool_mean,max minus lottery,7.471279725990797,5.308846118803086,11.027801940517305,5.76673982422191,10.582373816288278,False,2.8594779108571093,True
three_year,without_2020,10,301,missing_pool_mean,variance minus lottery,2.9981648630742725,0.321807416920235,5.990104948087147,0.8659220889010119,5.5270580971191485,False,2.834148765583456,True
three_year,without_2020,10,301,missing_pool_mean,D2 minus lottery,-0.7783430846057655,-3.792381557801652,1.6060534498946033,-3.3347278077048252,1.1962788761533731,True,2.6992175038481276,True
three_year,without_2020,10,301,missing_pool_mean,max_resid minus lottery,-1.302453651884477,-3.746646403543547,1.6910868785343032,-3.27864338049635,1.3104756111061435,True,2.7188666410389253,True
three_year,without_2020,10,301,missing_pool_mean,mean minus D2,10.453868905410694,6.676455412223282,14.412285352214637,7.35819457498471,13.817490904299929,False,3.8679149699956774,True
three_year,without_2020,10,301,missing_pool_mean,variance minus D2,3.776507947680038,1.1839632984094566,7.328938517110508,1.7259533372274034,6.89917812938026,False,3.072487609350526,True
three_year,without_2020,10,301,missing_zero_citation_percentile,mean minus lottery,11.010402345698694,7.898778482578984,13.812699448015326,8.402074021557267,13.279003395566127,False,2.9569604827181712,True
three_year,without_2020,10,301,missing_zero_citation_percentile,max minus lottery,7.2931502537540425,4.8264142276401865,11.137809718314315,5.302982537180117,10.618467550764562,False,3.1556977453370645,True
three_year,without_2020,10,301,missing_zero_citation_percentile,variance minus lottery,3.4939706995078055,0.5287020255681185,6.756261201833366,1.051487810310863,6.199775042630122,False,3.113779588132624,True
three_year,without_2020,10,301,missing_zero_citation_percentile,D2 minus lottery,-1.71574685265238,-4.796328256897537,0.9629880852381573,-4.362685075109544,0.5304698117535324,True,2.879658171067847,True
three_year,without_2020,10,301,missing_zero_citation_percentile,max_resid minus lottery,-1.4182411722105073,-3.998289207077293,1.8771815972271164,-3.591645862274477,1.306169375122366,True,2.937735402152205,True
three_year,without_2020,10,301,missing_zero_citation_percentile,mean minus D2,12.726149198351074,8.388020780729356,16.93174541287041,9.250095932076587,16.255291246563353,False,4.271862316070527,True
three_year,without_2020,10,301,missing_zero_citation_percentile,variance minus D2,5.2097175521601855,2.3582467370187414,8.74282145725272,2.815054460013748,8.201240698021651,False,3.1922873601169894,True
three_year,with_2020,1,39,observed_only,mean minus lottery,14.180290093245233,5.1138815920051846,20.916871523923383,6.234134637777358,19.795503727097397,False,7.901494965959099,False
three_year,with_2020,1,39,observed_only,max minus lottery,10.511804025192603,-1.2484559874817287,20.418937167400717,0.5172130801671035,18.87343117347259,False,10.833696577441223,False
three_year,with_2020,1,39,observed_only,variance minus lottery,2.146152692771473,-5.725501403790809,12.962033277026705,-4.153559548045917,11.198534758729563,False,9.343767340408757,False
three_year,with_2020,1,39,observed_only,D2 minus lottery,1.034701733079757,-9.028774817943777,8.836259793219089,-8.005788585223168,7.187667036140165,False,8.932517305581433,False
three_year,with_2020,1,39,observed_only,max_resid minus lottery,-2.9542889378741393,-10.179059279144528,8.743032730155639,-8.864321771306383,7.551926280484024,False,9.461046004650083,False
three_year,with_2020,1,39,observed_only,mean minus D2,13.145588360165476,1.8364801644001894,25.720560618739956,3.3485160944944576,23.66546614873645,False,11.942040227169883,False
three_year,with_2020,1,39,observed_only,variance minus D2,1.111450959691716,-6.507020278788042,14.024588925151455,-4.835465498836484,12.639025906650245,False,10.265804601969748,False
three_year,with_2020,1,39,missing_percentile_0,mean minus lottery,16.734489861951623,5.736226066630572,23.91679146214612,7.388793668128257,22.44983191587121,False,9.090282697757774,False
three_year,with_2020,1,39,missing_percentile_0,max minus lottery,3.97217704058302,-4.785196551756668,16.04502814708178,-3.2324743853617073,13.973068392042332,False,10.415112349419225,False
three_year,with_2020,1,39,missing_percentile_0,variance minus lottery,3.0945085465682354,-4.6619309099477855,13.97493022502357,-3.398864059880658,12.510000032120645,False,9.318430567485677,False
three_year,with_2020,1,39,missing_percentile_0,D2 minus lottery,-0.06892912400226692,-11.029402040574531,7.516557262600686,-9.225649997284554,6.4047161411153475,False,9.272979651587608,False
three_year,with_2020,1,39,missing_percentile_0,max_resid minus lottery,-5.40564697945382,-12.010835084558302,6.866628514669764,-10.862641948838228,5.249987782003223,False,9.438731799614033,False
three_year,with_2020,1,39,missing_percentile_0,mean minus D2,16.80341898595389,4.141712928051355,29.549060069255844,5.875944967347173,27.418376132120695,False,12.703673570602245,False
three_year,with_2020,1,39,missing_percentile_0,variance minus D2,3.1634376705705023,-4.854450324084121,17.502018268572087,-3.2019219392684013,15.260802298120403,False,11.178234296328103,False
three_year,with_2020,1,39,missing_pool_mean,mean minus lottery,13.29311190612227,4.578741507500974,19.535137108138894,5.789805351029768,18.560925636714103,False,7.47819780031896,False
three_year,with_2020,1,39,missing_pool_mean,max minus lottery,8.290557350767337,-0.8995938226879461,16.883651373233132,0.6221032745811915,15.498892638217063,False,8.89162259796054,False
three_year,with_2020,1,39,missing_pool_mean,variance minus lottery,1.8764734176955287,-5.056609959563382,11.5174989774634,-3.8030831867831276,10.044732427979152,False,8.287054468513391,False
three_year,with_2020,1,39,missing_pool_mean,D2 minus lottery,0.9363785740817008,-7.465362228492224,7.423894864258078,-6.305477175692778,6.163781108459584,False,7.444628546375151,False
three_year,with_2020,1,39,missing_pool_mean,max_resid minus lottery,-2.2132994374589643,-8.119926513789402,7.286510364316109,-6.923953051143505,6.17985695886662,False,7.703218439052755,False
three_year,with_2020,1,39,missing_pool_mean,mean minus D2,12.35673333204057,1.8543649914648157,23.085905952620312,3.3983201149556646,21.433385093199373,False,10.615770480577748,False
three_year,with_2020,1,39,missing_pool_mean,variance minus D2,0.9400948436138279,-5.725121054507507,12.376798205800377,-4.152276968084402,10.971783431201672,False,9.050959630153942,False
three_year,with_2020,1,39,missing_zero_citation_percentile,mean minus lottery,15.653137437642243,5.655693169439706,22.532896387193766,7.113916373372718,21.162080793494987,False,8.438601608877029,False
three_year,with_2020,1,39,missing_zero_citation_percentile,max minus lottery,5.337267171141022,-3.055982444117015,16.092640972902863,-1.7639627588856157,14.227872462681452,False,9.574311708509939,False
three_year,with_2020,1,39,missing_zero_citation_percentile,variance minus lottery,2.7966224727749704,-4.395236706965776,13.224587804450223,-3.2350485244202147,11.632048415383558,False,8.809912255708,False
three_year,with_2020,1,39,missing_zero_citation_percentile,D2 minus lottery,0.41665115272058273,-9.031319161771103,7.309217518541587,-7.93252230345733,6.225234720613925,False,8.170268340156344,False
three_year,with_2020,1,39,missing_zero_citation_percentile,max_resid minus lottery,-4.353972760852578,-10.183477920011624,6.718863951442901,-9.303178347088425,5.466504482944848,False,8.451170935727262,False
three_year,with_2020,1,39,missing_zero_citation_percentile,mean minus D2,15.23648628492166,3.734125447770381,26.848941852617916,5.203548884283263,25.06112154393232,False,11.557408202423767,False
three_year,with_2020,1,39,missing_zero_citation_percentile,variance minus D2,2.3799713200543877,-5.010831124054924,15.147711475327455,-3.310378144543593,13.419071977465855,False,10.07927129969119,False
three_year,with_2020,2,76,observed_only,mean minus lottery,10.721713233176352,5.55353766829142,18.59472328228256,6.574364219020732,17.433660191381765,False,6.52059280699557,False
three_year,with_2020,2,76,observed_only,max minus lottery,13.084949615710414,4.328170720664002,19.102366268626216,5.559453345041055,17.66853707691123,False,7.3870977739811075,False
three_year,with_2020,2,76,observed_only,variance minus lottery,3.38980068018747,-3.208037387362228,10.088064738810992,-2.197526626017466,8.794265773429755,False,6.64805106308661,False
three_year,with_2020,2,76,observed_only,D2 minus lottery,-0.8132530851189017,-7.62174356105658,4.7460796997225785,-6.786225047045361,4.035221463932517,False,6.183911630389579,False
three_year,with_2020,2,76,observed_only,max_resid minus lottery,2.677411586958449,-4.283779247716166,8.828416625079631,-3.291048547037385,7.870883256676936,False,6.556097936397899,False
three_year,with_2020,2,76,observed_only,mean minus D2,11.534966318295254,4.219225193241814,22.242489463539698,5.7200579194694665,20.757622655890625,False,9.011632135148941,False
three_year,with_2020,2,76,observed_only,variance minus D2,4.203053765306372,-3.1929344354871008,12.607717121614018,-2.0370888630292208,11.619336447753211,False,7.90032577855056,False
three_year,with_2020,2,76,missing_percentile_0,mean minus lottery,8.705804415676454,3.8026048092310023,17.33518613389755,4.99525304583395,16.28410923062794,False,6.766290662333274,False
three_year,with_2020,2,76,missing_percentile_0,max minus lottery,8.580034498884956,0.8931496381940717,14.951463226320135,1.876660359412355,13.752621761604253,False,7.029156794063032,False
three_year,with_2020,2,76,missing_percentile_0,variance minus lottery,4.787430639818396,-2.538525959077615,10.790383072133459,-1.5838737148763957,9.805228170791027,False,6.664454515605537,False
three_year,with_2020,2,76,missing_percentile_0,D2 minus lottery,-2.225191079693438,-8.975064045535714,3.9349960114152096,-7.968330923911231,2.7500107137886465,False,6.455030028475462,False
three_year,with_2020,2,76,missing_percentile_0,max_resid minus lottery,1.8258095866742963,-5.233763324967112,8.122798907408663,-4.060317622254591,7.302485512783084,False,6.678281116187888,False
three_year,with_2020,2,76,missing_percentile_0,mean minus D2,10.930995495369892,4.196826444523978,22.78157059942413,5.602430258419199,21.026457548700495,False,9.292372077450075,False
three_year,with_2020,2,76,missing_percentile_0,variance minus D2,7.012621719511834,-1.2603798045815047,14.754708385912974,-0.1381364759044387,13.190400054449965,False,8.007544095247239,False
three_year,with_2020,2,76,missing_pool_mean,mean minus lottery,9.253275762102035,4.8394448747847045,16.016454988411382,5.630107968395796,15.262938367437277,False,5.588505056813339,False
three_year,with_2020,2,76,missing_pool_mean,max minus lottery,10.785519208779057,3.649414048426251,15.73890941008969,4.5816926147029315,14.734325851065165,False,6.044747680831719,False
three_year,with_2020,2,76,missing_pool_mean,variance minus lottery,2.945976490948226,-3.012954132597165,8.881338918743893,-1.9951780551904992,7.782700798607515,False,5.947146525670529,False
three_year,with_2020,2,76,missing_pool_mean,D2 minus lottery,-0.624915692697094,-6.2930598323032445,4.032744475659178,-5.638300999814209,3.3400677761758506,False,5.162902153981211,False
three_year,with_2020,2,76,missing_pool_mean,max_resid minus lottery,2.2244138836916605,-3.7495791888796326,7.614429835680469,-2.854841309666781,6.73088005276758,False,5.68200451228005,False
three_year,with_2020,2,76,missing_pool_mean,mean minus D2,9.87819145479913,3.758614708259822,19.102179291297027,5.001166648143844,17.71827747372709,False,7.6717822915186025,False
three_year,with_2020,2,76,missing_pool_mean,variance minus D2,3.57089218364532,-2.858003033035892,10.935465568179296,-1.758877605196118,9.835526001966295,False,6.896734300607594,False
three_year,with_2020,2,76,missing_zero_citation_percentile,mean minus lottery,8.881296222049755,4.191827881584333,16.80081269012852,5.299847394157554,15.937818997442749,False,6.304492404272094,False
three_year,with_2020,2,76,missing_zero_citation_percentile,max minus lottery,9.315086311498966,2.0813946298135737,14.985701045948941,2.94083702833792,14.012661348219424,False,6.452153208067684,False
three_year,with_2020,2,76,missing_zero_citation_percentile,variance minus lottery,4.24624938617707,-2.4971064238022613,10.01562958249042,-1.5440796335764269,9.03962290669594,False,6.25636800314634,False
three_year,with_2020,2,76,missing_zero_citation_percentile,D2 minus lottery,-1.6231167793043468,-7.838131786719908,3.884126156308812,-6.994949844090011,3.0293991743172173,False,5.8611289715143595,False
three_year,with_2020,2,76,missing_zero_citation_percentile,max_resid minus lottery,2.022528157691312,-4.481336554403255,7.947336626967788,-3.3779967579277974,6.9546043688823875,False,6.214336590685521,False
three_year,with_2020,2,76,missing_zero_citation_percentile,mean minus D2,10.504413001354102,4.239930895738307,21.10519082542747,5.530096916948196,19.702600176989623,False,8.432629964844581,False
three_year,with_2020,2,76,missing_zero_citation_percentile,variance minus D2,5.869366165481416,-1.7009099978151578,13.385500924702106,-0.4882452590836003,11.836465846725444,False,7.543205461258632,False
three_year,with_2020,5,186,observed_only,mean minus lottery,12.837788437713222,8.168204689121502,16.637895068919885,8.933381556001898,15.988662968404526,False,4.2348451898991915,True
three_year,with_2020,5,186,observed_only,max minus lottery,9.683688135504845,5.3378995579734845,14.154207675121521,6.101220200733753,13.365375839876222,False,4.408154058574018,True
three_year,with_2020,5,186,observed_only,variance minus lottery,3.4519678375268654,-0.41347261837849364,7.776908151932232,0.19091951785379924,7.2957270990601355,False,4.095190385155362,True
three_year,with_2020,5,186,observed_only,D2 minus lottery,-3.8579966081990875,-8.064395825518735,0.43670930943538216,-7.444973106776761,-0.1657605272657218,False,4.250552567477059,True
three_year,with_2020,5,186,observed_only,max_resid minus lottery,2.396096344445496,-1.8683545220866116,6.08314801248385,-1.1817631459374294,5.496708730107317,False,3.9757512672852307,True
three_year,with_2020,5,186,observed_only,mean minus D2,16.69578504591231,10.238192233435347,22.3088444291249,11.179100936317,21.31107569925055,False,6.035326097844776,False
three_year,with_2020,5,186,observed_only,variance minus D2,7.309964445725953,2.582659753773261,12.533902415203002,3.2985834609816522,11.819806764640331,False,4.975621330714871,True
three_year,with_2020,5,186,missing_percentile_0,mean minus lottery,12.333036911578446,7.581909748634836,16.134300491754114,8.279864514001684,15.47807149244535,False,4.2761953715596395,True
three_year,with_2020,5,186,missing_percentile_0,max minus lottery,8.163862139770735,3.7333194882823544,12.594367279120116,4.451382319070506,11.614726416279176,False,4.43052389541888,True
three_year,with_2020,5,186,missing_percentile_0,variance minus lottery,3.043975169684259,-0.810683402696303,7.469616632058015,-0.2151659129907422,6.8344566164592715,False,4.1401500173771595,True
three_year,with_2020,5,186,missing_percentile_0,D2 minus lottery,-5.902080013609009,-9.690027315713342,-1.6061138087756615,-9.010847851283355,-2.355965664430286,False,4.04195675346884,True
three_year,with_2020,5,186,missing_percentile_0,max_resid minus lottery,2.1300218880385557,-1.7633285294958387,6.192924356018659,-1.20761670440464,5.520792999364681,False,3.9781264427572487,True
three_year,with_2020,5,186,missing_percentile_0,mean minus D2,18.235116925187455,11.819945006971317,23.68060000278463,12.648628957935424,22.615859005441823,False,5.9303274979066565,False
three_year,with_2020,5,186,missing_percentile_0,variance minus D2,8.946055183293268,3.987223094220028,13.658265608708513,4.892731936836095,12.979703865463428,False,4.835521257244243,True
three_year,with_2020,5,186,missing_pool_mean,mean minus lottery,11.334619219803763,7.134529185194372,14.691186083126453,7.861293376000249,14.160897104318387,False,3.7783284489660405,True
three_year,with_2020,5,186,missing_pool_mean,max minus lottery,8.318562018701954,4.562601417758781,12.19035448577913,5.161586836483904,11.439027373166368,False,3.8138765340101743,True
three_year,with_2020,5,186,missing_pool_mean,variance minus lottery,2.9360295709222584,-0.3754989139639832,6.748812655645024,0.1050432500877932,6.209905783353649,False,3.5621557848045033,True
three_year,with_2020,5,186,missing_pool_mean,D2 minus lottery,-2.95186082910498,-6.324486941216175,0.491809825276323,-5.919342355904428,-0.05375940474066858,False,3.4081483832462487,True
three_year,with_2020,5,186,missing_pool_mean,max_resid minus lottery,2.022076289276569,-1.6427503204852385,5.2771061722640304,-1.127789461897197,4.758534390028095,True,3.4599282463746346,True
three_year,with_2020,5,186,missing_pool_mean,mean minus D2,14.286480048908743,8.811220168227454,18.980679732501674,9.637054695382364,18.26384679127182,False,5.08472978213711,False
three_year,with_2020,5,186,missing_pool_mean,variance minus D2,5.8878904000272385,1.988260741723023,10.329760541583854,2.559796387889984,9.67327482815256,False,4.170749899930415,True
three_year,with_2020,5,186,missing_zero_citation_percentile,mean minus lottery,12.013013980169738,7.515530505232564,15.593077214029332,8.253043193956396,15.047172138986065,False,4.0387733543983835,True
three_year,with_2020,5,186,missing_zero_citation_percentile,max minus lottery,8.218216696930696,4.166401103987979,12.302970358697129,4.771562775139702,11.533114542578222,False,4.068284627354576,True
three_year,with_2020,5,186,missing_zero_citation_percentile,variance minus lottery,3.024105673285682,-0.6191735961627266,7.154019460225213,0.006304004660609432,6.595656303174777,False,3.88659652819397,True
three_year,with_2020,5,186,missing_zero_citation_percentile,D2 minus lottery,-4.940495050285605,-8.436112942662255,-1.1083984131502194,-7.864455676006274,-1.667672890264418,False,3.663857264756018,True
three_year,with_2020,5,186,missing_zero_citation_percentile,max_resid minus lottery,2.1101523916399785,-1.620258584023935,5.789774842932156,-1.1094041238365495,5.219462911698396,False,3.705016713478045,True
three_year,with_2020,5,186,missing_zero_citation_percentile,mean minus D2,16.953509030455344,10.795045600595644,21.97543014501804,11.762557915814204,21.11532752761599,False,5.5901922722111985,False
three_year,with_2020,5,186,missing_zero_citation_percentile,variance minus D2,7.964600723571287,3.533510678585564,12.4432050923247,4.211919739375798,11.874412579695424,False,4.454847206869568,True
three_year,with_2020,10,370,observed_only,mean minus lottery,11.568952674206635,8.56008523333215,14.232189493485464,9.071894174146308,13.860152608902887,False,2.8360521300766566,True
three_year,with_2020,10,370,observed_only,max minus lottery,7.587414138354568,5.55491253969062,11.65932423385778,6.04449583641994,11.122711440540957,False,3.0522058470835796,True
three_year,with_2020,10,370,observed_only,variance minus lottery,3.853382058753404,1.269853802568899,6.9401180191081515,1.6829812810527454,6.449956075396071,False,2.8351321082696264,True
three_year,with_2020,10,370,observed_only,D2 minus lottery,-0.7256732736766978,-3.6891653468023367,2.0035671936448045,-3.3050204757626895,1.4837282561007137,True,2.8463662702235704,True
three_year,with_2020,10,370,observed_only,max_resid minus lottery,-0.909142445953691,-3.4063423446037544,2.109167106288347,-2.9616919546454086,1.652566505256557,True,2.7577547254460506,True
three_year,with_2020,10,370,observed_only,mean minus D2,12.294625947883333,8.446747131347962,16.384129099895638,9.122157587987138,15.847936772093638,False,3.968690984273838,True
three_year,with_2020,10,370,observed_only,variance minus D2,4.5790553324301015,1.9840858896187086,8.129999674968213,2.437713948481115,7.685989716824482,False,3.072956892674752,True
three_year,with_2020,10,370,missing_percentile_0,mean minus lottery,11.914143625130016,8.922230443855806,14.6128072237804,9.31725488080649,14.103688743922314,False,2.845288389962297,True
three_year,with_2020,10,370,missing_percentile_0,max minus lottery,6.215500141374683,4.0868666982267,10.114929532123954,4.536841970102287,9.661403516577689,False,3.014031416948627,True
three_year,with_2020,10,370,missing_percentile_0,variance minus lottery,3.7490131062269754,1.077379651769885,6.953981588410869,1.5683693420565497,6.514327387360196,False,2.938300968320492,True
three_year,with_2020,10,370,missing_percentile_0,D2 minus lottery,-1.784680638606467,-4.5088318645196,0.744011391923287,-4.05682065967268,0.34865737612235514,True,2.6264216282214434,True
three_year,with_2020,10,370,missing_percentile_0,max_resid minus lottery,-0.9547421127485691,-3.3948563063975667,1.9211183955270796,-3.0476782898438968,1.4497065417797494,True,2.657987350962323,True
three_year,with_2020,10,370,missing_percentile_0,mean minus D2,13.698824263736483,9.777731743490065,17.546999911205898,10.39531721329723,16.952454278653782,False,3.8846340838579163,True
three_year,with_2020,10,370,missing_percentile_0,variance minus D2,5.5336937448334425,2.750219629604624,8.96103004733778,3.3248839808509976,8.423342626156662,False,3.1054052088665784,True
three_year,with_2020,10,370,missing_pool_mean,mean minus lottery,10.323404395990607,7.606100829535351,12.686969510099365,8.084869685912192,12.348716006769862,False,2.540434340282007,True
three_year,with_2020,10,370,missing_pool_mean,max minus lottery,6.482497975215843,4.723372018806652,9.923642314054657,5.150485342685267,9.527183846816724,False,2.6001351476240027,True
three_year,with_2020,10,370,missing_pool_mean,variance minus lottery,3.3244997397858924,1.0758052435472554,6.046306134878925,1.4171471475677202,5.611423484745447,False,2.485250445665835,True
three_year,with_2020,10,370,missing_pool_mean,D2 minus lottery,-0.5440057102403344,-3.04404020921561,1.7278646367584962,-2.709790221099668,1.2945663888043462,True,2.385952422987053,True
three_year,with_2020,10,370,missing_pool_mean,max_resid minus lottery,-0.7758561227029901,-2.95212705933732,1.821573572809034,-2.557478124263378,1.4352617996950887,True,2.386850316073177,True
three_year,with_2020,10,370,missing_pool_mean,mean minus D2,10.867410106230942,7.540222112651554,14.448941870338693,8.117649390671447,13.980791613378441,False,3.4543598788435697,True
three_year,with_2020,10,370,missing_pool_mean,variance minus D2,3.868505450026227,1.6303021437989778,6.904062192451149,2.0512662930236605,6.533210680962916,False,2.6368800243260857,True
three_year,with_2020,10,370,missing_zero_citation_percentile,mean minus lottery,11.408593992596849,8.57652453724804,13.98817529531907,8.987754010535774,13.471706866452895,False,2.705825379035515,True
three_year,with_2020,10,370,missing_zero_citation_percentile,max minus lottery,6.336836747129425,4.400900246931085,10.041046870334371,4.822787846366905,9.593223019928494,False,2.820073311701643,True
three_year,with_2020,10,370,missing_zero_citation_percentile,variance minus lottery,3.6555155064662586,1.180192324278073,6.634029887064959,1.6298660748203804,6.254604299469535,False,2.7269187813934432,True
three_year,with_2020,10,370,missing_zero_citation_percentile,D2 minus lottery,-1.3789253245019353,-3.9025013789372958,0.9605240921770337,-3.546635991075718,0.6049157983999063,True,2.4315127355571646,True
three_year,with_2020,10,370,missing_zero_citation_percentile,max_resid minus lottery,-0.8708013304512292,-3.180687474704504,1.827182269831337,-2.8036734810013573,1.459966679071838,True,2.50393487226792,True
three_year,with_2020,10,370,missing_zero_citation_percentile,mean minus D2,12.787519317098784,9.065791531203008,16.474913480010645,9.750891466993828,15.93043427216324,False,3.704560974403819,True
three_year,with_2020,10,370,missing_zero_citation_percentile,variance minus D2,5.034440830968194,2.4972867965001884,8.356486183884096,3.0232932892609883,7.769080346629025,False,2.9295996936919537,True
