frame,budget,margin,within
two_year,1,0.5,False
two_year,1,0.75,False
two_year,1,1.0,False
two_year,1,1.25,False
two_year,1,1.5,False
two_year,1,1.75,False
two_year,1,2.0,False
two_year,1,2.25,False
two_year,1,2.5,False
two_year,1,2.75,False
two_year,1,3.0,False
two_year,1,3.25,False
two_year,1,3.5,False
two_year,1,3.75,False
two_year,1,4.0,False
two_year,1,4.25,False
two_year,1,4.5,False
two_year,1,4.75,False
two_year,1,5.0,False
two_year,1,5.25,False
two_year,1,5.5,False
two_year,1,5.75,False
two_year,1,6.0,False
two_year,1,6.25,False
two_year,1,6.5,False
two_year,1,6.75,False
two_year,1,7.0,False
two_year,1,7.25,False
two_year,1,7.5,False
two_year,1,7.75,False
two_year,1,8.0,False
two_year,1,8.25,False
two_year,1,8.5,False
two_year,1,8.75,False
two_year,1,9.0,False
two_year,1,9.25,True
two_year,1,9.5,True
two_year,1,9.75,True
two_year,1,10.0,True
two_year,2,0.5,False
two_year,2,0.75,False
two_year,2,1.0,False
two_year,2,1.25,False
two_year,2,1.5,False
two_year,2,1.75,False
two_year,2,2.0,False
two_year,2,2.25,False
two_year,2,2.5,False
two_year,2,2.75,False
two_year,2,3.0,False
two_year,2,3.25,False
two_year,2,3.5,False
two_year,2,3.75,False
two_year,2,4.0,False
two_year,2,4.25,False
two_year,2,4.5,False
two_year,2,4.75,False
two_year,2,5.0,False
two_year,2,5.25,False
two_year,2,5.5,False
two_year,2,5.75,False
two_year,2,6.0,True
two_year,2,6.25,True
two_year,2,6.5,True
two_year,2,6.75,True
two_year,2,7.0,True
two_year,2,7.25,True
two_year,2,7.5,True
two_year,2,7.75,True
two_year,2,8.0,True
two_year,2,8.25,True
two_year,2,8.5,True
two_year,2,8.75,True
two_year,2,9.0,True
two_year,2,9.25,True
two_year,2,9.5,True
two_year,2,9.75,True
two_year,2,10.0,True
two_year,5,0.5,False
two_year,5,0.75,False
two_year,5,1.0,False
two_year,5,1.25,False
two_year,5,1.5,False
two_year,5,1.75,False
two_year,5,2.0,False
two_year,5,2.25,False
two_year,5,2.5,False
two_year,5,2.75,False
two_year,5,3.0,False
two_year,5,3.25,False
two_year,5,3.5,False
two_year,5,3.75,False
two_year,5,4.0,False
two_year,5,4.25,False
two_year,5,4.5,False
two_year,5,4.75,False
two_year,5,5.0,False
two_year,5,5.25,False
two_year,5,5.5,True
two_year,5,5.75,True
two_year,5,6.0,True
two_year,5,6.25,True
two_year,5,6.5,True
two_year,5,6.75,True
two_year,5,7.0,True
two_year,5,7.25,True
two_year,5,7.5,True
two_year,5,7.75,True
two_year,5,8.0,True
two_year,5,8.25,True
two_year,5,8.5,True
two_year,5,8.75,True
two_year,5,9.0,True
two_year,5,9.25,True
two_year,5,9.5,True
two_year,5,9.75,True
two_year,5,10.0,True
two_year,10,0.5,False
two_year,10,0.75,False
two_year,10,1.0,False
two_year,10,1.25,False
two_year,10,1.5,False
two_year,10,1.75,False
two_year,10,2.0,False
two_year,10,2.25,False
two_year,10,2.5,False
two_year,10,2.75,False
two_year,10,3.0,False
two_year,10,3.25,False
two_year,10,3.5,True
two_year,10,3.75,True
two_year,10,4.0,True
two_year,10,4.25,True
two_year,10,4.5,True
two_year,10,4.75,True
two_year,10,5.0,True
two_year,10,5.25,True
two_year,10,5.5,True
two_year,10,5.75,True
two_year,10,6.0,True
two_year,10,6.25,True
two_year,10,6.5,True
two_year,10,6.75,True
two_year,10,7.0,True
two_year,10,7.25,True
two_year,10,7.5,True
two_year,10,7.75,True
two_year,10,8.0,True
two_year,10,8.25,True
two_year,10,8.5,True
two_year,10,8.75,True
two_year,10,9.0,True
two_year,10,9.25,True
two_year,10,9.5,True
two_year,10,9.75,True
two_year,10,10.0,True
three_year,1,0.5,False
three_year,1,0.75,False
three_year,1,1.0,False
three_year,1,1.25,False
three_year,1,1.5,False
three_year,1,1.75,False
three_year,1,2.0,False
three_year,1,2.25,False
three_year,1,2.5,False
three_year,1,2.75,False
three_year,1,3.0,False
three_year,1,3.25,False
three_year,1,3.5,False
three_year,1,3.75,False
three_year,1,4.0,False
three_year,1,4.25,False
three_year,1,4.5,False
three_year,1,4.75,False
three_year,1,5.0,False
three_year,1,5.25,False
three_year,1,5.5,False
three_year,1,5.75,False
three_year,1,6.0,False
three_year,1,6.25,False
three_year,1,6.5,False
three_year,1,6.75,False
three_year,1,7.0,False
three_year,1,7.25,False
three_year,1,7.5,False
three_year,1,7.75,False
three_year,1,8.0,False
three_year,1,8.25,False
three_year,1,8.5,True
three_year,1,8.75,True
three_year,1,9.0,True
three_year,1,9.25,True
three_year,1,9.5,True
three_year,1,9.75,True
three_year,1,10.0,True
three_year,2,0.5,False
three_year,2,0.75,False
three_year,2,1.0,False
three_year,2,1.25,False
three_year,2,1.5,False
three_year,2,1.75,False
three_year,2,2.0,False
three_year,2,2.25,False
three_year,2,2.5,False
three_year,2,2.75,False
three_year,2,3.0,False
three_year,2,3.25,False
three_year,2,3.5,False
three_year,2,3.75,False
three_year,2,4.0,False
three_year,2,4.25,False
three_year,2,4.5,False
three_year,2,4.75,False
three_year,2,5.0,False
three_year,2,5.25,False
three_year,2,5.5,False
three_year,2,5.75,False
three_year,2,6.0,False
three_year,2,6.25,False
three_year,2,6.5,True
three_year,2,6.75,True
three_year,2,7.0,True
three_year,2,7.25,True
three_year,2,7.5,True
three_year,2,7.75,True
three_year,2,8.0,True
three_year,2,8.25,True
three_year,2,8.5,True
three_year,2,8.75,True
three_year,2,9.0,True
three_year,2,9.25,True
three_year,2,9.5,True
three_year,2,9.75,True
three_year,2,10.0,True
three_year,5,0.5,False
three_year,5,0.75,False
three_year,5,1.0,False
three_year,5,1.25,False
three_year,5,1.5,False
three_year,5,1.75,False
three_year,5,2.0,False
three_year,5,2.25,False
three_year,5,2.5,False
three_year,5,2.75,False
three_year,5,3.0,False
three_year,5,3.25,False
three_year,5,3.5,False
three_year,5,3.75,False
three_year,5,4.0,False
three_year,5,4.25,False
three_year,5,4.5,False
three_year,5,4.75,False
three_year,5,5.0,False
three_year,5,5.25,False
three_year,5,5.5,False
three_year,5,5.75,False
three_year,5,6.0,False
three_year,5,6.25,False
three_year,5,6.5,False
three_year,5,6.75,False
three_year,5,7.0,False
three_year,5,7.25,False
three_year,5,7.5,False
three_year,5,7.75,True
three_year,5,8.0,True
three_year,5,8.25,True
three_year,5,8.5,True
three_year,5,8.75,True
three_year,5,9.0,True
three_year,5,9.25,True
three_year,5,9.5,True
three_year,5,9.75,True
three_year,5,10.0,True
three_year,10,0.5,False
three_year,10,0.75,False
three_year,10,1.0,False
three_year,10,1.25,False
three_year,10,1.5,False
three_year,10,1.75,False
three_year,10,2.0,False
three_year,10,2.25,False
three_year,10,2.5,False
three_year,10,2.75,False
three_year,10,3.0,False
three_year,10,3.25,False
three_year,10,3.5,False
three_year,10,3.75,False
three_year,10,4.0,False
three_year,10,4.25,True
three_year,10,4.5,True
three_year,10,4.75,True
three_year,10,5.0,True
three_year,10,5.25,True
three_year,10,5.5,True
three_year,10,5.75,True
three_year,10,6.0,True
three_year,10,6.25,True
three_year,10,6.5,True
three_year,10,6.75,True
three_year,10,7.0,True
three_year,10,7.25,True
three_year,10,7.5,True
three_year,10,7.75,True
three_year,10,8.0,True
three_year,10,8.25,True
three_year,10,8.5,True
three_year,10,8.75,True
three_year,10,9.0,True
three_year,10,9.25,True
three_year,10,9.5,True
three_year,10,9.75,True
three_year,10,10.0,True
