frame,budget_pct,rule,slots,selected_missing,baseline_difference,target_difference,reachable,delta_at_target,minimum_difference,maximum_difference
two_year,1,D2,71,29,2.42544708109474,-5,True,-18.303412849997514,-15.579175473211583,24.98947225357424
two_year,1,D2,71,29,2.42544708109474,0,True,-5.978624423050011,-15.579175473211583,24.98947225357424
two_year,1,D2,71,29,2.42544708109474,5,True,6.3461640038974885,-15.579175473211583,24.98947225357424
two_year,1,mean,71,15,8.210210080803908,-5,False,,-1.026401784954909,19.953434466726147
two_year,1,mean,71,15,8.210210080803908,0,True,-39.13381392643636,-1.026401784954909,19.953434466726147
two_year,1,mean,71,15,8.210210080803908,5,True,-15.301406752146033,-1.026401784954909,19.953434466726147
two_year,1,variance,71,17,0.28276457404027217,-5,True,-22.216616695576718,-10.112055079791316,13.66638358360814
two_year,1,variance,71,17,0.28276457404027217,0,True,-1.189163754790652,-10.112055079791316,13.66638358360814
two_year,1,variance,71,17,0.28276457404027217,5,True,19.838289185995414,-10.112055079791316,13.66638358360814
two_year,1,max,71,20,6.421003032516511,-5,True,-40.89780277643705,-5.809244854340447,22.162122775813458
two_year,1,max,71,20,6.421003032516511,0,True,-22.955627759847154,-5.809244854340447,22.162122775813458
two_year,1,max,71,20,6.421003032516511,5,True,-5.080205770791952,-5.809244854340447,22.162122775813458
two_year,1,max_resid,71,26,-0.2707490969245639,-5,True,-13.00405198690807,-16.241142337718994,20.126375323980962
two_year,1,max_resid,71,26,-0.2707490969245639,0,True,0.7444805538919148,-16.241142337718994,20.126375323980962
two_year,1,max_resid,71,26,-0.2707490969245639,5,True,14.4930130946919,-16.241142337718994,20.126375323980962
two_year,2,D2,140,44,0.9964288187150121,-5,True,-19.34336714493587,-12.718524274400226,18.281398199205356
two_year,2,D2,140,44,0.9964288187150121,0,True,-3.214294550457044,-12.718524274400226,18.281398199205356
two_year,2,D2,140,44,0.9964288187150121,5,True,12.914778044021784,-12.718524274400226,18.281398199205356
two_year,2,mean,140,33,6.174963612605895,-5,False,,-4.100543800225869,19.141816387174952
two_year,2,mean,140,33,6.174963612605895,0,True,-26.56771327359951,-4.100543800225869,19.141816387174952
two_year,2,mean,140,33,6.174963612605895,5,True,-5.055268067151015,-4.100543800225869,19.141816387174952
two_year,2,variance,140,40,1.1009202837792154,-5,True,-21.650896823964978,-11.284278274019877,16.894324826735843
two_year,2,variance,140,40,1.1009202837792154,0,True,-3.9069370466759956,-11.284278274019877,16.894324826735843
two_year,2,variance,140,40,1.1009202837792154,5,True,13.837022730612983,-11.284278274019877,16.894324826735843
two_year,2,max,140,37,5.873157037843935,-5,True,-41.77881279550344,-5.590103848735865,20.472847718112913
two_year,2,max,140,37,5.873157037843935,0,True,-22.534504669511023,-5.590103848735865,20.472847718112913
two_year,2,max,140,37,5.873157037843935,5,True,-3.350184784729297,-5.590103848735865,20.472847718112913
two_year,2,max_resid,140,46,1.4270451740753962,-5,True,-19.830604052573626,-12.837286632241238,19.572443081671796
two_year,2,max_resid,140,46,1.4270451740753962,0,True,-4.403138152253046,-12.837286632241238,19.572443081671796
two_year,2,max_resid,140,46,1.4270451740753962,5,True,11.024327748067531,-12.837286632241238,19.572443081671796
two_year,5,D2,344,126,-1.5394076063270772,-5,True,-9.780778060930981,-17.194036351644364,18.187529124175533
two_year,5,D2,344,126,-1.5394076063270772,0,True,4.350874772285369,-17.194036351644364,18.187529124175533
two_year,5,D2,344,126,-1.5394076063270772,5,True,18.482527605501716,-17.194036351644364,18.187529124175533
two_year,5,mean,344,79,5.228461437455028,-5,False,,-4.576591728567643,17.601465628990123
two_year,5,mean,344,79,5.228461437455028,0,True,-23.574929729691995,-4.576591728567643,17.601465628990123
two_year,5,mean,344,79,5.228461437455028,5,True,-1.0301237559798047,-4.576591728567643,17.601465628990123
two_year,5,variance,344,104,0.30900361526272846,-5,True,-18.177836160349308,-12.564485630836835,16.641430675324386
two_year,5,variance,344,104,0.30900361526272846,0,True,-1.058017190844108,-12.564485630836835,16.641430675324386
two_year,5,variance,344,104,0.30900361526272846,5,True,16.061801778661085,-12.564485630836835,16.641430675324386
two_year,5,max,344,88,4.393929490918232,-5,True,-38.02135407957718,-6.499142224274234,18.20784078126816
two_year,5,max,344,88,4.393929490918232,0,True,-17.784160412999697,-6.499142224274234,18.20784078126816
two_year,5,max,344,88,4.393929490918232,5,True,2.4530332535777823,-6.499142224274234,18.20784078126816
two_year,5,max_resid,344,98,-0.35198297195402917,-5,True,-16.889364321557338,-12.470139120726458,15.050239619125287
two_year,5,max_resid,344,98,-0.35198297195402917,0,True,1.2789902903637334,-12.470139120726458,15.050239619125287
two_year,5,max_resid,344,98,-0.35198297195402917,5,True,19.447344902284804,-12.470139120726458,15.050239619125287
two_year,10,D2,686,231,-0.691122347060646,-5,True,-13.72849584294983,-14.615614656970042,16.770763736057962
two_year,10,D2,686,231,-0.691122347060646,0,True,2.2019818228348633,-14.615614656970042,16.770763736057962
two_year,10,D2,686,231,-0.691122347060646,5,True,18.132459488619553,-14.615614656970042,16.770763736057962
two_year,10,mean,686,144,5.053393393754412,-5,False,,-3.592131254244066,15.960825189421291
two_year,10,mean,686,144,5.053393393754412,0,True,-25.844651208188914,-3.592131254244066,15.960825189421291
two_year,10,mean,686,144,5.053393393754412,5,True,-0.2730706934690126,-3.592131254244066,15.960825189421291
two_year,10,variance,686,196,1.3146703631111205,-5,True,-23.70728242592852,-10.48741958403921,16.148574578686084
two_year,10,variance,686,196,1.3146703631111205,0,True,-4.935690986713329,-10.48741958403921,16.148574578686084
two_year,10,variance,686,196,1.3146703631111205,5,True,13.835900452501864,-10.48741958403921,16.148574578686084
two_year,10,max,686,182,3.9842961958708707,-5,True,-36.327292398870384,-6.921795405515771,17.809737286830558
two_year,10,max,686,182,3.9842961958708707,0,True,-16.110187126024307,-6.921795405515771,17.809737286830558
two_year,10,max,686,182,3.9842961958708707,5,True,4.106918146821766,-6.921795405515771,17.809737286830558
two_year,10,max_resid,686,206,-0.9283370147209481,-5,True,-14.546350599458005,-13.328554864688103,14.662403812127799
two_year,10,max_resid,686,206,-0.9283370147209481,0,True,3.316560270191328,-13.328554864688103,14.662403812127799
two_year,10,max_resid,686,206,-0.9283370147209481,5,True,21.17947113984065,-13.328554864688103,14.662403812127799
three_year,1,D2,32,6,1.3573295712330289,-5,True,-34.128887251856085,-6.773127615137717,11.854287701156514
three_year,1,D2,32,6,1.3573295712330289,0,True,-7.286730596733474,-6.773127615137717,11.854287701156514
three_year,1,D2,32,6,1.3573295712330289,5,True,19.55542605838913,-6.773127615137717,11.854287701156514
three_year,1,mean,32,2,16.310746914829608,-5,False,,13.565974973704078,19.770893006490965
three_year,1,mean,32,2,16.310746914829608,0,False,,13.565974973704078,19.770893006490965
three_year,1,mean,32,2,16.310746914829608,5,False,,13.565974973704078,19.770893006490965
three_year,1,variance,32,4,0.2622707950492429,-5,True,-42.38241103705195,-5.175343768698895,7.2408229058416635
three_year,1,variance,32,4,0.2622707950492429,0,True,-2.1123330728720937,-5.175343768698895,7.2408229058416635
three_year,1,variance,32,4,0.2622707950492429,5,True,38.15774489130776,-5.175343768698895,7.2408229058416635
three_year,1,max,32,8,9.433249786504863,-5,False,,-1.3934992380152575,23.428266766597076
three_year,1,max,32,8,9.433249786504863,0,True,-38.00394292957236,-1.3934992380152575,23.428266766597076
three_year,1,max,32,8,9.433249786504863,5,True,-17.860331878404963,-1.3934992380152575,23.428266766597076
three_year,1,max_resid,32,8,-2.3873555429261364,-5,True,-10.522934954445692,-13.162175248943335,11.665921364635786
three_year,1,max_resid,32,8,-2.3873555429261364,0,True,9.615539926731355,-13.162175248943335,11.665921364635786
three_year,1,max_resid,32,8,-2.3873555429261364,5,True,29.754014807908405,-13.162175248943335,11.665921364635786
three_year,2,D2,62,12,0.5620644418895849,-5,True,-29.132025731600017,-7.748762642122702,11.343848675518409
three_year,2,D2,62,12,0.5620644418895849,0,True,-2.9438845872814206,-7.748762642122702,11.343848675518409
three_year,2,D2,62,12,0.5620644418895849,5,True,23.24425655703717,-7.748762642122702,11.343848675518409
three_year,2,mean,62,10,8.802272933898992,-5,False,,1.7704542480649788,17.66680538502955
three_year,2,mean,62,10,8.802272933898992,0,False,,1.7704542480649788,17.66680538502955
three_year,2,mean,62,10,8.802272933898992,5,True,-23.919155415844955,1.7704542480649788,17.66680538502955
three_year,2,variance,62,7,1.2741937954799043,-5,False,,-3.545933527999322,7.591967399000238
three_year,2,variance,62,7,1.2741937954799043,0,True,-11.440160976752015,-3.545933527999322,7.591967399000238
three_year,2,variance,62,7,1.2741937954799043,5,True,33.451601239227315,-3.545933527999322,7.591967399000238
three_year,2,max,62,13,9.845971431551527,-5,False,,0.8067528965718931,21.482464505750198
three_year,2,max,62,13,9.845971431551527,0,False,,0.8067528965718931,21.482464505750198
three_year,2,max,62,13,9.845971431551527,5,True,-23.437991026148374,0.8067528965718931,21.482464505750198
three_year,2,max_resid,62,11,0.8234007995211768,-5,True,-33.26346731544878,-6.7073082416870715,10.799588271222678
three_year,2,max_resid,62,11,0.8234007995211768,0,True,-4.70329392142116,-6.7073082416870715,10.799588271222678
three_year,2,max_resid,62,11,0.8234007995211768,5,True,23.856879472606458,-6.7073082416870715,10.799588271222678
three_year,5,D2,151,35,-2.4972263331041606,-5,True,-11.183969443103681,-12.2465213713312,10.131702028046146
three_year,5,D2,151,35,-2.4972263331041606,0,True,11.159180461008557,-12.2465213713312,10.131702028046146
three_year,5,D2,151,35,-2.4972263331041606,5,True,33.502330365120784,-12.2465213713312,10.131702028046146
three_year,5,mean,151,20,10.637764148319258,-5,False,,5.04909063602608,17.826648927419885
three_year,5,mean,151,20,10.637764148319258,0,False,,5.04909063602608,17.826648927419885
three_year,5,mean,151,20,10.637764148319258,5,False,,5.04909063602608,17.826648927419885
three_year,5,variance,151,25,1.1425725218438034,-5,True,-38.40415559059599,-5.782878129982036,10.21167357251115
three_year,5,variance,151,25,1.1425725218438034,0,True,-7.143510759765167,-5.782878129982036,10.21167357251115
three_year,5,variance,151,25,1.1425725218438034,5,True,24.117134071065657,-5.782878129982036,10.21167357251115
three_year,5,max,151,25,8.430835434648674,-5,False,,1.467812255988866,17.449785177153398
three_year,5,max,151,25,8.430835434648674,0,False,,1.467812255988866,17.449785177153398
three_year,5,max,151,25,8.430835434648674,5,True,-21.466908069311664,1.467812255988866,17.449785177153398
three_year,5,max_resid,151,25,1.5282662367540905,-5,True,-41.10648646745014,-5.39718441507175,10.597367287421438
three_year,5,max_resid,151,25,1.5282662367540905,0,True,-9.55491760682401,-5.39718441507175,10.597367287421438
three_year,5,max_resid,151,25,1.5282662367540905,5,True,21.705727224006807,-5.39718441507175,10.597367287421438
three_year,10,D2,301,58,-0.778343084605588,-5,True,-23.546366605772654,-8.615244797385987,9.313877712578789
three_year,10,D2,301,58,-0.778343084605588,0,True,4.341222411598753,-8.615244797385987,9.313877712578789
three_year,10,D2,301,58,-0.778343084605588,5,True,32.22881142897016,-8.615244797385987,9.313877712578789
three_year,10,mean,301,35,9.675525820805094,-5,False,,4.953776711457566,15.75488121766092
three_year,10,mean,301,35,9.675525820805094,0,False,,4.953776711457566,15.75488121766092
three_year,10,mean,301,35,9.675525820805094,5,True,-43.76683869707945,4.953776711457566,15.75488121766092
three_year,10,variance,301,44,2.9981648630744258,-5,False,,-2.9405013427709465,10.674961526601283
three_year,10,variance,301,44,2.9981648630744258,0,True,-22.020293337355064,-2.9405013427709465,10.674961526601283
three_year,10,variance,301,44,2.9981648630744258,5,True,14.702659440456262,-2.9405013427709465,10.674961526601283
three_year,10,max,301,51,7.471279725990963,-5,False,,0.6064531633739664,16.39822015478006
three_year,10,max,301,51,7.471279725990963,0,False,,0.6064531633739664,16.39822015478006
three_year,10,max,301,51,7.471279725990963,5,True,-15.649165336189665,0.6064531633739664,16.39822015478006
three_year,10,max_resid,301,50,-1.302453651884312,-5,True,-23.909071454149867,-8.059286120961648,7.405749211784033
three_year,10,max_resid,301,50,-1.302453651884312,0,True,8.421924837937457,-8.059286120961648,7.405749211784033
three_year,10,max_resid,301,50,-1.302453651884312,5,True,40.752921130024774,-8.059286120961648,7.405749211784033
