budget_pct,rule,comparator,scenario,difference,ci_low,ci_high
1,mean,D2,observed_only,6.923461657318796,-3.504669149141256,18.03304288588483
1,mean,D2,missing_percentile_0,14.610772210958512,3.308925808535907,23.509097374519783
1,mean,D2,missing_pool_mean,5.784762999709159,-1.592541614696449,12.713016948615133
1,mean,D2,missing_zero_citation_percentile,10.812713639046954,1.6792730970065677,18.195692634421977
1,variance,mean,observed_only,-9.980841104142698,-17.500972379221533,1.8762654954079572
1,variance,mean,missing_percentile_0,-9.093234154399616,-16.63233376318206,2.814984479460932
1,variance,mean,missing_pool_mean,-7.927445506763618,-13.546442501778584,1.2308128285034268
1,variance,mean,missing_zero_citation_percentile,-8.659742965058712,-14.83400190310422,1.682142275325191
1,variance,D2,observed_only,-3.0573794468239015,-9.857450352539724,8.780139468136664
1,variance,D2,missing_percentile_0,5.5175380565588945,-1.8371305555274045,15.248938260670696
1,variance,D2,missing_pool_mean,-2.1426825070544595,-6.578557240947139,5.571596355827168
1,variance,D2,missing_zero_citation_percentile,2.152970673988243,-3.714704644431783,10.663153042345426
1,max,D2,observed_only,5.462822799048247,-3.0063598050106246,17.624027002678776
1,max,D2,missing_percentile_0,9.806151152951973,1.3834461627536498,20.85781516121387
1,max,D2,missing_pool_mean,3.995555951421764,-1.624635255646551,12.160911708829712
1,max,D2,missing_zero_citation_percentile,7.1111035842558294,0.1610634148269621,16.74495706127646
1,max_resid,D2,observed_only,-4.119214365744767,-8.915988108583063,7.057577255556964
1,max_resid,D2,missing_percentile_0,-0.650052442570022,-4.917846123293224,8.790904393238359
1,max_resid,D2,missing_pool_mean,-2.6961961780192993,-5.527350918991044,4.1623805329567665
1,max_resid,D2,missing_zero_citation_percentile,-1.7141230200559503,-4.981940775403261,6.359540886523515
2,mean,D2,observed_only,6.78857261639785,0.2665376147400285,15.497233124410776
2,mean,D2,missing_percentile_0,8.66221105112363,2.763549687906834,17.48489137026393
2,mean,D2,missing_pool_mean,5.178534793890883,0.4929885423991004,11.541188584815592
2,mean,D2,missing_zero_citation_percentile,7.157460421650235,2.084128541240285,14.638670010041292
2,variance,mean,observed_only,-6.525254084895032,-14.994945137365267,-0.5197414365233355
2,variance,mean,missing_percentile_0,-7.210925665757358,-15.7176472315818,-1.241137677758724
2,variance,mean,missing_pool_mean,-5.074043328826676,-11.462001283977616,-0.6741188424813921
2,variance,mean,missing_zero_citation_percentile,-6.3421179485791725,-13.75832076694684,-1.3405824212964137
2,variance,D2,observed_only,0.2633185315028186,-6.264155213780918,6.92025940691893
2,variance,D2,missing_percentile_0,1.4512853853662726,-4.089244261548563,7.616643074526895
2,variance,D2,missing_pool_mean,0.104491465064207,-4.412914428105813,4.633754438797121
2,variance,D2,missing_zero_citation_percentile,0.8153424730710626,-4.0563997663156135,5.9830132850713165
2,max,D2,observed_only,6.723569042062223,0.0594924313640724,14.05785709996596
2,max,D2,missing_percentile_0,7.157227055243947,0.8815819977889987,13.828289201134552
2,max,D2,missing_pool_mean,4.876728219128921,0.0893193190881509,9.972997837529276
2,max,D2,missing_zero_citation_percentile,6.116002535042142,0.5946466799901501,11.77685827525091
2,max_resid,D2,observed_only,0.7529318528169711,-4.303818269430948,4.799315432755829
2,max_resid,D2,missing_percentile_0,-0.126060401683592,-3.905801524062048,3.3550330295672013
2,max_resid,D2,missing_pool_mean,0.4306163553603781,-2.982035144456562,3.1774580625237174
2,max_resid,D2,missing_zero_citation_percentile,0.0515497908589424,-3.405997952597345,3.179343965165887
5,mean,D2,observed_only,9.505244844435794,4.39485139948557,13.97799537241254
5,mean,D2,missing_percentile_0,12.820915637383354,8.289867150563271,16.862801603001824
5,mean,D2,missing_pool_mean,6.767869043782113,3.2474308247404,10.033337658185934
5,mean,D2,missing_zero_citation_percentile,10.32396947698274,6.482070850888439,13.919992305028297
5,variance,mean,observed_only,-6.4170135314040095,-10.469032724308128,-0.9712588153986664
5,variance,mean,missing_percentile_0,-8.092540989210722,-12.235570867922537,-3.371121734708656
5,variance,mean,missing_pool_mean,-4.919457822192314,-7.958252448375759,-0.9238525834249774
5,variance,mean,missing_zero_citation_percentile,-6.804465803594745,-10.33190204080043,-2.582599914972623
5,variance,D2,observed_only,3.088231313031784,-0.2575168976327569,7.284101805220044
5,variance,D2,missing_percentile_0,4.7283746481726325,1.670917659424213,8.062025067747294
5,variance,D2,missing_pool_mean,1.8484112215897992,-0.3870108730872019,4.610645584501219
5,variance,D2,missing_zero_citation_percentile,3.5195036733879945,1.0271430954495773,6.426801643901505
5,max,D2,observed_only,8.62024788400629,4.013617251979824,12.924501478539865
5,max,D2,missing_percentile_0,10.860713518602832,6.985461146180933,14.777821807880992
5,max,D2,missing_pool_mean,5.933337097245321,2.797741731253239,9.01817159066601
5,max,D2,missing_zero_citation_percentile,8.801627850053642,5.335856285499485,12.16699388138781
5,max_resid,D2,observed_only,2.199950814910352,-1.3975493857503165,5.207154387041848
5,max_resid,D2,missing_percentile_0,4.848959302050741,1.64375974658876,7.110711245396552
5,max_resid,D2,missing_pool_mean,1.187424634373059,-1.2149952995684177,3.1914533105679106
5,max_resid,D2,missing_zero_citation_percentile,3.3091738973599263,0.6569345228623068,5.273650088600876
10,mean,D2,observed_only,7.74682780022993,4.351303507163422,11.092085367036892
10,mean,D2,missing_percentile_0,11.40204879794914,8.131003254973967,14.554296995513004
10,mean,D2,missing_pool_mean,5.744515740815082,3.23160755471596,8.168946242140883
10,mean,D2,missing_zero_citation_percentile,9.038832826253824,6.204570701249697,11.709658015227053
10,variance,mean,observed_only,-4.722205683442347,-7.590147086633015,-1.179046420071207
10,variance,mean,missing_percentile_0,-7.1169124233797305,-10.04107254285858,-3.738780379640251
10,variance,mean,missing_pool_mean,-3.7387230306432926,-5.886973247145168,-1.063899662947243
10,variance,mean,missing_zero_citation_percentile,-5.692356403536678,-8.129710776390978,-2.6916289436096226
10,variance,D2,observed_only,3.024622116787583,0.50742209215011,5.976324671144288
10,variance,D2,missing_percentile_0,4.285136374569408,2.1187144841743843,6.918904930351428
10,variance,D2,missing_pool_mean,2.0057927101717894,0.2526335700843251,4.024684439676773
10,variance,D2,missing_zero_citation_percentile,3.3464764227171457,1.5151086989865312,5.496219672860051
10,max,D2,observed_only,6.72389929570307,4.342303584600705,10.236255053592156
10,max,D2,missing_percentile_0,7.914576453432257,5.975470704903409,11.32328784080202
10,max,D2,missing_pool_mean,4.675418542931546,3.021350363143005,7.1732563994948215
10,max,D2,missing_zero_citation_percentile,6.529728202857768,4.81755273159863,9.448509972604668
10,max_resid,D2,observed_only,-0.1700165502883948,-1.7827951633471364,2.386517853396071
10,max_resid,D2,missing_percentile_0,1.3986751290450847,-0.0216975250670369,3.641315951241595
10,max_resid,D2,missing_pool_mean,-0.2372146676602895,-1.3353225204176014,1.5292705643241546
10,max_resid,D2,missing_zero_citation_percentile,0.7154035455961179,-0.4631300543564707,2.637192705740393
