frame,budget_pct,rule,comparator,scenario,difference,ci_low,ci_high,replicates,pointwise_exploratory
two_year_early,1,variance,lottery,observed_only,-1.2708095612010268,-9.832486050208564,10.232363855761056,2000,True
two_year_early,1,variance,lottery,missing_percentile_0,0.04976896290914112,-8.903451573601208,11.282667848455807,2000,True
two_year_early,1,variance,lottery,missing_pool_mean,-1.166893439589586,-8.807334074613703,8.994540950848707,2000,True
two_year_early,1,variance,lottery,missing_zero_citation_percentile,-0.3344018527827899,-8.333967122871039,10.193400664509998,2000,True
two_year_early,1,variance,mean,observed_only,-18.614231735155343,-28.48205406084699,-3.0671206109550893,2000,True
two_year_early,1,variance,mean,missing_percentile_0,-19.94106164622412,-29.45347690591996,-3.3201438287780434,2000,True
two_year_early,1,variance,mean,missing_pool_mean,-17.23255726109423,-25.687825361657175,-3.179199149292326,2000,True
two_year_early,1,variance,mean,missing_zero_citation_percentile,-18.806920539501156,-27.71085362222219,-3.6461310003870766,2000,True
two_year_early,1,variance,D2,observed_only,-4.3396063455782325,-12.897678570062912,9.148556872656657,2000,True
two_year_early,1,variance,D2,missing_percentile_0,-1.035710761266337,-10.25631398387182,13.997778461295589,2000,True
two_year_early,1,variance,D2,missing_pool_mean,-3.744215146396229,-11.299797385537628,7.712579282149488,2000,True
two_year_early,1,variance,D2,missing_zero_citation_percentile,-2.1698518679893155,-10.308566156192832,11.173065146189892,2000,True
two_year_early,2,variance,lottery,observed_only,-0.09985592951345268,-7.714270261134212,7.8271658520779495,2000,True
two_year_early,2,variance,lottery,missing_percentile_0,1.7350371079572255,-6.561921295327995,8.502648910290125,2000,True
two_year_early,2,variance,lottery,missing_pool_mean,-0.24050614304391615,-6.883790130505057,6.6942945392772275,2000,True
two_year_early,2,variance,lottery,missing_zero_citation_percentile,0.9811668154401119,-6.374833981395484,7.423425129945707,2000,True
two_year_early,2,variance,mean,observed_only,-11.106496734110621,-23.524625126949143,-2.888698311709534,2000,True
two_year_early,2,variance,mean,missing_percentile_0,-7.325061468591933,-21.19022538949887,0.11831717177313816,2000,True
two_year_early,2,variance,mean,missing_pool_mean,-9.55948503007724,-20.37091369659635,-2.6632767112342335,2000,True
two_year_early,2,variance,mean,missing_zero_citation_percentile,-8.186117653798071,-20.538571848873907,-1.289784100013509,2000,True
two_year_early,2,variance,D2,observed_only,-1.797751738485296,-9.522264634186273,7.48111524828378,2000,True
two_year_early,2,variance,D2,missing_percentile_0,1.8669749184541402,-6.555116359406743,10.181736355097927,2000,True
two_year_early,2,variance,D2,missing_pool_mean,-1.6662029860252616,-8.142429952500228,6.071404334209142,2000,True
two_year_early,2,variance,D2,missing_zero_citation_percentile,0.4511025828809494,-7.128139157688372,8.498655048127688,2000,True
two_year_early,5,variance,lottery,observed_only,1.963107057983244,-2.643175537875877,7.218815808927594,2000,True
two_year_early,5,variance,lottery,missing_percentile_0,1.431264268590212,-3.0884188431733994,6.651702167896814,2000,True
two_year_early,5,variance,lottery,missing_pool_mean,1.5854241548416326,-2.214566663474987,6.009777286907884,2000,True
two_year_early,5,variance,lottery,missing_zero_citation_percentile,1.4769780263745744,-2.727004723842772,6.370631512009969,2000,True
two_year_early,5,variance,mean,observed_only,-9.928258845978071,-16.001357858240215,-2.62384496221344,2000,True
two_year_early,5,variance,mean,missing_percentile_0,-10.043979539804802,-16.31138519415505,-2.833754571558405,2000,True
two_year_early,5,variance,mean,missing_pool_mean,-8.664226289436819,-13.737793516158499,-2.4357826805507035,2000,True
two_year_early,5,variance,mean,missing_zero_citation_percentile,-9.500724876675143,-15.15879294892557,-2.9127805088308216,2000,True
two_year_early,5,variance,D2,observed_only,4.480048018899268,-0.6814505847928549,10.52904329014564,2000,True
two_year_early,5,variance,D2,missing_percentile_0,6.303070023623267,1.3926569493694596,11.441248354829744,2000,True
two_year_early,5,variance,D2,missing_pool_mean,3.380666276303913,-0.6568529464674338,8.375839721810955,2000,True
two_year_early,5,variance,D2,missing_zero_citation_percentile,5.166390787632061,0.8449848324960884,10.035493283689464,2000,True
two_year_early,10,variance,lottery,observed_only,3.9946367184612654,0.9698215084250663,7.565557138725602,2000,True
two_year_early,10,variance,lottery,missing_percentile_0,4.021704494730734,0.892494980779432,7.543128125493212,2000,True
two_year_early,10,variance,lottery,missing_pool_mean,3.360989504704733,0.7702548405246834,6.381951058989056,2000,True
two_year_early,10,variance,lottery,missing_zero_citation_percentile,3.7779171789164607,0.940800440078225,7.013077561029994,2000,True
two_year_early,10,variance,mean,observed_only,-6.786090535988265,-10.767533088867816,-2.0858186054602865,2000,True
two_year_early,10,variance,mean,missing_percentile_0,-7.349874874368901,-11.478341780005413,-2.658496507013484,2000,True
two_year_early,10,variance,mean,missing_pool_mean,-6.056506408397709,-9.565000049670894,-1.9489514982397662,2000,True
two_year_early,10,variance,mean,missing_zero_citation_percentile,-6.819666098866179,-10.475254863680194,-2.4685286692639368,2000,True
two_year_early,10,variance,D2,observed_only,4.2140492650030765,1.178295937174345,8.371110145129315,2000,True
two_year_early,10,variance,D2,missing_percentile_0,5.506495868265766,2.46315345062007,9.065929908878,2000,True
two_year_early,10,variance,D2,missing_pool_mean,3.46391883565925,0.9432912967589422,6.950551010955708,2000,True
two_year_early,10,variance,D2,missing_zero_citation_percentile,4.727524202419396,1.9988685651115963,8.137871546777136,2000,True
three_year_early,1,variance,lottery,observed_only,0.36962100411014376,-9.120614746166229,11.989198808557271,2000,True
three_year_early,1,variance,lottery,missing_percentile_0,1.48086650256392,-7.827744024511529,12.968515233687784,2000,True
three_year_early,1,variance,lottery,missing_pool_mean,0.26227079504908346,-7.79451010491385,10.364509334206442,2000,True
three_year_early,1,variance,lottery,missing_zero_citation_percentile,1.2166586266229515,-7.423102132146409,11.960791701937575,2000,True
three_year_early,1,variance,mean,observed_only,-17.253220409207486,-27.16023560736572,-1.6766021749505846,2000,True
three_year_early,1,variance,mean,missing_percentile_0,-18.758175190133798,-28.67757880303779,-2.0923564703816746,2000,True
three_year_early,1,variance,mean,missing_pool_mean,-16.048476119780368,-25.072700892665573,-1.9429063706109198,2000,True
three_year_early,1,variance,mean,missing_zero_citation_percentile,-17.803325575442287,-26.99205845883861,-2.5396695528050723,2000,True
three_year_early,1,variance,D2,observed_only,-1.1921732459472594,-9.632265082770138,11.93327664621353,2000,True
three_year_early,1,variance,D2,missing_percentile_0,1.6146402941696465,-7.403463113015203,16.267992224718707,2000,True
three_year_early,1,variance,D2,missing_pool_mean,-1.0950587761837767,-8.333867745604136,9.892299773393342,2000,True
three_year_early,1,variance,D2,missing_zero_citation_percentile,0.659790679478121,-7.21950806152296,13.82641673272471,2000,True
three_year_early,2,variance,lottery,observed_only,1.6230083706428076,-6.206779442100934,8.931579556463513,2000,True
three_year_early,2,variance,lottery,missing_percentile_0,3.256998642947643,-5.397859547892075,9.864590584041954,2000,True
three_year_early,2,variance,lottery,missing_pool_mean,1.2741937954797322,-5.370220628520359,7.681529024822582,2000,True
three_year_early,2,variance,lottery,missing_zero_citation_percentile,2.695644359381731,-5.030053448311403,8.881204339440814,2000,True
three_year_early,2,variance,mean,observed_only,-8.7587859549796,-21.33583714577128,-0.976994755829126,2000,True
three_year_early,2,variance,mean,missing_percentile_0,-5.2796349132663565,-19.360463975063578,1.7056022359304492,2000,True
three_year_early,2,variance,mean,missing_pool_mean,-7.528079138419095,-18.447146975569076,-0.9064340530393704,2000,True
three_year_early,2,variance,mean,missing_zero_citation_percentile,-5.905383247526849,-18.69496911130077,1.0938624632325926,2000,True
three_year_early,2,variance,D2,observed_only,1.0007232114281095,-6.743885413165821,10.177596734569473,2000,True
three_year_early,2,variance,D2,missing_percentile_0,4.251107563958826,-4.382077102977255,12.484927647888053,2000,True
three_year_early,2,variance,D2,missing_pool_mean,0.7121293535903064,-5.928474596584986,8.64956138736835,2000,True
three_year_early,2,variance,D2,missing_zero_citation_percentile,3.1024516563886593,-4.838849559255933,11.019488615856421,2000,True
three_year_early,5,variance,lottery,observed_only,1.4379923035618702,-3.0569077378180243,6.936969739349147,2000,True
three_year_early,5,variance,lottery,missing_percentile_0,0.9938065909954759,-3.39022845209164,6.2321718224812646,2000,True
three_year_early,5,variance,lottery,missing_pool_mean,1.1425725218436185,-2.6485098132396403,5.690013604138789,2000,True
three_year_early,5,variance,lottery,missing_zero_citation_percentile,1.0740635307901627,-2.9539922320859873,5.95048228208739,2000,True
three_year_early,5,variance,mean,observed_only,-10.907317354671143,-16.807769032305597,-3.187482538138014,2000,True
three_year_early,5,variance,mean,missing_percentile_0,-10.871235368087156,-17.107304778881137,-3.478992936355158,2000,True
three_year_early,5,variance,mean,missing_pool_mean,-9.49519162647546,-14.577692871332475,-3.0386340930619107,2000,True
three_year_early,5,variance,mean,missing_zero_citation_percentile,-10.397730104849785,-16.26058589315481,-3.515899503670965,2000,True
three_year_early,5,variance,D2,observed_only,4.884206512906225,-0.13596999929401415,10.943224399251601,2000,True
three_year_early,5,variance,D2,missing_percentile_0,6.569297283017239,1.6849084932564629,11.716165328106992,2000,True
three_year_early,5,variance,D2,missing_pool_mean,3.639798854947955,-0.29896651108831407,8.709225798053906,2000,True
three_year_early,5,variance,D2,missing_zero_citation_percentile,5.671692898928455,1.1489443132421218,10.595314567872203,2000,True
three_year_early,10,variance,lottery,observed_only,3.5752482578681892,0.4819381353284396,7.07093296514909,2000,True
three_year_early,10,variance,lottery,missing_percentile_0,3.6615094852013925,0.46872049129969734,7.1314744231353195,2000,True
three_year_early,10,variance,lottery,missing_pool_mean,2.9981648630742725,0.321807416920235,5.990104948087147,2000,True
three_year_early,10,variance,lottery,missing_zero_citation_percentile,3.4939706995078055,0.5287020255681185,6.756261201833366,2000,True
three_year_early,10,variance,mean,observed_only,-7.507820586258958,-11.61039472951264,-2.7087526595291833,2000,True
three_year_early,10,variance,mean,missing_percentile_0,-7.970878477715289,-12.165543224897657,-3.200992774880703,2000,True
three_year_early,10,variance,mean,missing_pool_mean,-6.677360957730656,-10.169146787149213,-2.4552876521926135,2000,True
three_year_early,10,variance,mean,missing_zero_citation_percentile,-7.516431646190888,-11.366056405783098,-3.0969637950009004,2000,True
three_year_early,10,variance,D2,observed_only,4.638993603159335,1.4564002226286934,8.883836091818981,2000,True
three_year_early,10,variance,D2,missing_percentile_0,5.823417147276956,2.740865835121284,9.527097689112283,2000,True
three_year_early,10,variance,D2,missing_pool_mean,3.776507947680038,1.1839632984094566,7.328938517110508,2000,True
three_year_early,10,variance,D2,missing_zero_citation_percentile,5.2097175521601855,2.3582467370187414,8.74282145725272,2000,True
two_year_through_2023,1,variance,lottery,observed_only,-1.1026503449933642,-9.124857550447983,8.418436636286687,2000,True
two_year_through_2023,1,variance,lottery,missing_percentile_0,-0.7352998767788108,-8.145252501609711,8.674819222416568,2000,True
two_year_through_2023,1,variance,lottery,missing_pool_mean,-0.8448156699662093,-7.034715679747955,6.302371441963545,2000,True
two_year_through_2023,1,variance,lottery,missing_zero_citation_percentile,-0.7371675724154514,-7.309919386659827,7.406685609789103,2000,True
two_year_through_2023,1,variance,mean,observed_only,-13.376661075655782,-22.784138698058243,0.13049412675307115,2000,True
two_year_through_2023,1,variance,mean,missing_percentile_0,-13.386041097482753,-21.815910876077265,0.492766778497614,2000,True
two_year_through_2023,1,variance,mean,missing_pool_mean,-10.701010668616192,-17.67685660552788,-0.24676251998841464,2000,True
two_year_through_2023,1,variance,mean,missing_zero_citation_percentile,-12.311280359667435,-19.934144649541253,-0.14421614805715935,2000,True
two_year_through_2023,1,variance,D2,observed_only,-6.710270760276352,-13.240199985265292,5.5007225951588365,2000,True
two_year_through_2023,1,variance,D2,missing_percentile_0,-2.0958071741775584,-9.531868912670602,10.917244769866231,2000,True
two_year_through_2023,1,variance,D2,missing_pool_mean,-4.780837603044105,-9.674704557926782,3.8350027553896178,2000,True
two_year_through_2023,1,variance,D2,missing_zero_citation_percentile,-3.170567911992876,-9.110578372856118,7.675400009371662,2000,True
two_year_through_2023,2,variance,lottery,observed_only,0.0674326357444528,-6.8557142084028095,6.148330241732249,2000,True
two_year_through_2023,2,variance,lottery,missing_percentile_0,0.11496062655741923,-6.508683726349703,5.724454440388959,2000,True
two_year_through_2023,2,variance,lottery,missing_pool_mean,-0.022501965854338835,-5.047373591013387,4.503622340545418,2000,True
two_year_through_2023,2,variance,lottery,missing_zero_citation_percentile,0.04010610833513795,-5.7362722749338,5.201003570511608,2000,True
two_year_through_2023,2,variance,mean,observed_only,-8.93071579687497,-19.369370312270036,-1.8569705020092029,2000,True
two_year_through_2023,2,variance,mean,missing_percentile_0,-8.261380968645739,-18.951604507447616,-2.4334864044190994,2000,True
two_year_through_2023,2,variance,mean,missing_pool_mean,-7.040937769108098,-14.966878827566353,-1.7545201824849992,2000,True
two_year_through_2023,2,variance,mean,missing_zero_citation_percentile,-7.8529712184625495,-17.07992268015762,-2.5826562704129707,2000,True
two_year_through_2023,2,variance,D2,observed_only,-2.404609773180482,-9.55634567398969,4.731500525292457,2000,True
two_year_through_2023,2,variance,D2,missing_percentile_0,-1.3231442027217355,-8.439327406734229,5.098847068356692,2000,True
two_year_through_2023,2,variance,D2,missing_pool_mean,-1.8573968519980326,-7.018387565004411,3.436331820882425,2000,True
two_year_through_2023,2,variance,D2,missing_zero_citation_percentile,-1.6061238283125618,-7.656460993020733,3.9849000401344785,2000,True
two_year_through_2023,5,variance,lottery,observed_only,1.9068254489326435,-2.1333887870590447,6.325199757302958,2000,True
two_year_through_2023,5,variance,lottery,missing_percentile_0,1.185249294003917,-2.6135924847113383,5.109990717075401,2000,True
two_year_through_2023,5,variance,lottery,missing_pool_mean,1.3670881571270144,-1.585982816642913,4.583248950597063,2000,True
two_year_through_2023,5,variance,lottery,missing_zero_citation_percentile,1.2444802611294747,-2.092877988606536,4.721716958368646,2000,True
two_year_through_2023,5,variance,mean,observed_only,-6.685799435247041,-12.163319342155274,-0.7041977510258144,2000,True
two_year_through_2023,5,variance,mean,missing_percentile_0,-8.17892569787185,-13.439439445133983,-2.7197668430206616,2000,True
two_year_through_2023,5,variance,mean,missing_pool_mean,-5.437899856915564,-9.546356425736393,-0.9525264264961771,2000,True
two_year_through_2023,5,variance,mean,missing_zero_citation_percentile,-7.157223723382359,-11.71516843927722,-2.1824479131084122,2000,True
two_year_through_2023,5,variance,D2,observed_only,3.9724850822071502,-0.2034800871544526,9.10848770914912,2000,True
two_year_through_2023,5,variance,D2,missing_percentile_0,4.804467711161362,0.8720205240686866,8.88023618156882,2000,True
two_year_through_2023,5,variance,D2,missing_pool_mean,2.7023273367845775,-0.21704900048672374,6.362164842706298,2000,True
two_year_through_2023,5,variance,D2,missing_zero_citation_percentile,3.991708734488874,0.5853787968123167,7.762686765733364,2000,True
two_year_through_2023,10,variance,lottery,observed_only,3.822912355949228,1.1546732513677735,6.773441392473996,2000,True
two_year_through_2023,10,variance,lottery,missing_percentile_0,4.167742743009818,1.4463931749285848,6.8273328026679465,2000,True
two_year_through_2023,10,variance,lottery,missing_pool_mean,2.89567559001744,0.8450077402315233,5.159177087055696,2000,True
two_year_through_2023,10,variance,lottery,missing_zero_citation_percentile,3.7039098627631617,1.3315676192690526,6.125924384737971,2000,True
two_year_through_2023,10,variance,mean,observed_only,-4.295446020118327,-7.890756527758886,-0.3115796815714135,2000,True
two_year_through_2023,10,variance,mean,missing_percentile_0,-5.78961293504365,-9.406535512351342,-1.8171578579781984,2000,True
two_year_through_2023,10,variance,mean,missing_pool_mean,-3.654026024548102,-6.513239861062794,-0.5367836857441612,2000,True
two_year_through_2023,10,variance,mean,missing_zero_citation_percentile,-4.975371450454723,-8.091298074439132,-1.4231591851288148,2000,True
two_year_through_2023,10,variance,D2,observed_only,4.470718414112675,1.7612394015028918,7.9409790513884655,2000,True
two_year_through_2023,10,variance,D2,missing_percentile_0,5.129166135834417,2.347490864989478,8.240259165364947,2000,True
two_year_through_2023,10,variance,D2,missing_pool_mean,3.3299018915604535,1.2632320902539491,5.898163392117966,2000,True
two_year_through_2023,10,variance,D2,missing_zero_citation_percentile,4.451714128383962,2.111520753582355,7.291119872827903,2000,True
two_year_full,1,variance,lottery,observed_only,0.708350769429785,-6.284005634396644,8.901521218653123,2000,True
two_year_full,1,variance,lottery,missing_percentile_0,3.6207816056132422,-3.470354747714589,11.392028486429922,2000,True
two_year_full,1,variance,lottery,missing_pool_mean,0.2827645740398097,-4.896344218135817,6.527880247054584,2000,True
two_year_full,1,variance,lottery,missing_zero_citation_percentile,2.146415689320463,-3.804575178480158,9.054651927321434,2000,True
two_year_full,1,variance,mean,observed_only,-9.980841104142705,-17.500972379221533,1.8762654954079572,2000,True
two_year_full,1,variance,mean,missing_percentile_0,-9.09323415439961,-16.63233376318206,2.814984479460932,2000,True
two_year_full,1,variance,mean,missing_pool_mean,-7.927445506763618,-13.546442501778584,1.2308128285034268,2000,True
two_year_full,1,variance,mean,missing_zero_citation_percentile,-8.659742965058705,-14.83400190310422,1.682142275325191,2000,True
two_year_full,1,variance,D2,observed_only,-3.0573794468239086,-9.857450352539725,8.780139468136664,2000,True
two_year_full,1,variance,D2,missing_percentile_0,5.517538056558898,-1.8371305555274045,15.248938260670696,2000,True
two_year_full,1,variance,D2,missing_pool_mean,-2.1426825070544666,-6.578557240947139,5.571596355827168,2000,True
two_year_full,1,variance,D2,missing_zero_citation_percentile,2.152970673988243,-3.714704644431783,10.663153042345426,2000,True
two_year_full,2,variance,lottery,observed_only,1.7447399654195763,-3.7896004366229037,6.921903845414287,2000,True
two_year_full,2,variance,lottery,missing_percentile_0,2.527660186660924,-2.58187172959684,7.349848024468605,2000,True
two_year_full,2,variance,lottery,missing_pool_mean,1.1009202837787484,-2.8739200771383357,4.8183629024187615,2000,True
two_year_full,2,variance,lottery,missing_zero_citation_percentile,1.8751377565626015,-2.512839877087366,6.04277773922367,2000,True
two_year_full,2,variance,mean,observed_only,-6.525254084895025,-14.994945137365267,-0.5197414365233355,2000,True
two_year_full,2,variance,mean,missing_percentile_0,-7.210925665757358,-15.7176472315818,-1.241137677758724,2000,True
two_year_full,2,variance,mean,missing_pool_mean,-5.074043328826676,-11.462001283977617,-0.6741188424813921,2000,True
two_year_full,2,variance,mean,missing_zero_citation_percentile,-6.342117948579187,-13.75832076694684,-1.3405824212964135,2000,True
two_year_full,2,variance,D2,observed_only,0.2633185315028257,-6.264155213780918,6.92025940691893,2000,True
two_year_full,2,variance,D2,missing_percentile_0,1.4512853853662726,-4.089244261548563,7.616643074526895,2000,True
two_year_full,2,variance,D2,missing_pool_mean,0.10449146506420703,-4.412914428105813,4.633754438797121,2000,True
two_year_full,2,variance,D2,missing_zero_citation_percentile,0.8153424730710483,-4.0563997663156135,5.9830132850713165,2000,True
two_year_full,5,variance,lottery,observed_only,0.5753201001358264,-2.3968407628898167,4.5441713383112425,2000,True
two_year_full,5,variance,lottery,missing_percentile_0,1.0845883397910008,-1.8181719254215456,4.495713661525104,2000,True
two_year_full,5,variance,lottery,missing_pool_mean,0.3090036152622275,-1.7907503064062713,3.0525923658368934,2000,True
two_year_full,5,variance,lottery,missing_zero_citation_percentile,0.719281551037632,-1.7068260516484632,3.770644556080106,2000,True
two_year_full,5,variance,mean,observed_only,-6.4170135314040095,-10.469032724308127,-0.9712588153986663,2000,True
two_year_full,5,variance,mean,missing_percentile_0,-8.092540989210722,-12.235570867922537,-3.371121734708656,2000,True
two_year_full,5,variance,mean,missing_pool_mean,-4.919457822192307,-7.958252448375759,-0.9238525834249774,2000,True
two_year_full,5,variance,mean,missing_zero_citation_percentile,-6.804465803594745,-10.33190204080043,-2.582599914972623,2000,True
two_year_full,5,variance,D2,observed_only,3.088231313031784,-0.2575168976327569,7.284101805220044,2000,True
two_year_full,5,variance,D2,missing_percentile_0,4.728374648172629,1.670917659424213,8.062025067747294,2000,True
two_year_full,5,variance,D2,missing_pool_mean,1.8484112215898065,-0.3870108730872019,4.610645584501219,2000,True
two_year_full,5,variance,D2,missing_zero_citation_percentile,3.5195036733879945,1.0271430954495773,6.426801643901505,2000,True
two_year_full,10,variance,lottery,observed_only,1.9082838011552568,-0.2628478771177974,4.288338000636513,2000,True
two_year_full,10,variance,lottery,missing_percentile_0,2.7674186883244616,0.5515924097117607,4.8203595099616745,2000,True
two_year_full,10,variance,lottery,missing_pool_mean,1.3146703631106078,-0.2598943924458947,2.9831422491742607,2000,True
two_year_full,10,variance,lottery,missing_zero_citation_percentile,2.185549029987399,0.32092307578563894,3.9713920063705643,2000,True
two_year_full,10,variance,mean,observed_only,-4.722205683442347,-7.590147086633015,-1.179046420071207,2000,True
two_year_full,10,variance,mean,missing_percentile_0,-7.1169124233797305,-10.041072542858581,-3.738780379640251,2000,True
two_year_full,10,variance,mean,missing_pool_mean,-3.7387230306432926,-5.886973247145168,-1.063899662947243,2000,True
two_year_full,10,variance,mean,missing_zero_citation_percentile,-5.692356403536678,-8.129710776390978,-2.6916289436096226,2000,True
two_year_full,10,variance,D2,observed_only,3.024622116787576,0.50742209215011,5.976324671144288,2000,True
two_year_full,10,variance,D2,missing_percentile_0,4.2851363745694115,2.1187144841743843,6.918904930351428,2000,True
two_year_full,10,variance,D2,missing_pool_mean,2.0057927101717823,0.25263357008432513,4.024684439676773,2000,True
two_year_full,10,variance,D2,missing_zero_citation_percentile,3.3464764227171457,1.5151086989865312,5.496219672860051,2000,True
